-- phpMyAdmin SQL Dump
-- version 4.6.5.2
-- https://www.phpmyadmin.net/
--
-- Host: 127.0.0.1
-- Generation Time: Dec 14, 2017 at 03:17 AM
-- Server version: 10.1.21-MariaDB
-- PHP Version: 7.1.1

SET SQL_MODE = "NO_AUTO_VALUE_ON_ZERO";
SET time_zone = "+00:00";


/*!40101 SET @OLD_CHARACTER_SET_CLIENT=@@CHARACTER_SET_CLIENT */;
/*!40101 SET @OLD_CHARACTER_SET_RESULTS=@@CHARACTER_SET_RESULTS */;
/*!40101 SET @OLD_COLLATION_CONNECTION=@@COLLATION_CONNECTION */;
/*!40101 SET NAMES utf8mb4 */;

--
-- Database: `ta_h5`
--

-- --------------------------------------------------------

--
-- Table structure for table `kurikulum`
--

DROP TABLE IF EXISTS `kurikulum`;
CREATE TABLE `kurikulum` (
  `kode` varchar(8) NOT NULL,
  `nama` varchar(100) NOT NULL,
  `tahun` int(4) NOT NULL,
  `sks_wajib` int(3) NOT NULL,
  `sks_pilihan` int(3) NOT NULL
) ENGINE=InnoDB DEFAULT CHARSET=latin1;

--
-- RELATIONS FOR TABLE `kurikulum`:
--

--
-- Dumping data for table `kurikulum`
--

INSERT INTO `kurikulum` VALUES
('15CSI001', 'Kurikulum Ilmu Komputer 1', 2015, 37, 17),
('15CSI002', 'Kurikulum Ilmu Komputer 2', 2015, 39, 25),
('15CSI003', 'Kurikulum Ilmu Komputer 3', 2015, 35, 16),
('15CSI004', 'Kurikulum Ilmu Komputer 4', 2015, 27, 16),
('15CSI005', 'Kurikulum Ilmu Komputer 5', 2015, 27, 21),
('15CSI006', 'Kurikulum Ilmu Komputer 6', 2015, 30, 26),
('15CSI007', 'Kurikulum Ilmu Komputer 7', 2015, 30, 18),
('15CSI008', 'Kurikulum Ilmu Komputer 8', 2015, 37, 22),
('15CSI009', 'Kurikulum Ilmu Komputer 9', 2015, 35, 18),
('15CSI010', 'Kurikulum Ilmu Komputer 10', 2015, 37, 27),
('15CSI011', 'Kurikulum Ilmu Komputer 11', 2015, 28, 17),
('15CSI012', 'Kurikulum Ilmu Komputer 12', 2015, 32, 18),
('15CSI013', 'Kurikulum Ilmu Komputer 13', 2015, 33, 21),
('15CSI014', 'Kurikulum Ilmu Komputer 14', 2015, 29, 16),
('15CSI015', 'Kurikulum Ilmu Komputer 15', 2015, 31, 27),
('15CSI016', 'Kurikulum Ilmu Komputer 16', 2015, 31, 15),
('15CSI017', 'Kurikulum Ilmu Komputer 17', 2015, 33, 17),
('15CSI018', 'Kurikulum Ilmu Komputer 18', 2015, 32, 19),
('15CSI019', 'Kurikulum Ilmu Komputer 19', 2015, 24, 23),
('15CSI020', 'Kurikulum Ilmu Komputer 20', 2015, 32, 22),
('15CSI021', 'Kurikulum Ilmu Komputer 21', 2015, 33, 12),
('15CSI022', 'Kurikulum Ilmu Komputer 22', 2015, 30, 19),
('15CSI023', 'Kurikulum Ilmu Komputer 23', 2015, 38, 21),
('15CSI024', 'Kurikulum Ilmu Komputer 24', 2015, 30, 22),
('15CSI025', 'Kurikulum Ilmu Komputer 25', 2015, 29, 19),
('15CSI026', 'Kurikulum Ilmu Komputer 26', 2015, 28, 17),
('15CSI027', 'Kurikulum Ilmu Komputer 27', 2015, 34, 24),
('15CSI028', 'Kurikulum Ilmu Komputer 28', 2015, 39, 24),
('15CSI029', 'Kurikulum Ilmu Komputer 29', 2015, 40, 12),
('15CSI030', 'Kurikulum Ilmu Komputer 30', 2015, 31, 19),
('15CSI031', 'Kurikulum Ilmu Komputer 31', 2015, 26, 15),
('15CSI032', 'Kurikulum Ilmu Komputer 32', 2015, 37, 20),
('15CSI033', 'Kurikulum Ilmu Komputer 33', 2015, 40, 18),
('15CSI034', 'Kurikulum Ilmu Komputer 34', 2015, 32, 21),
('15CSI035', 'Kurikulum Ilmu Komputer 35', 2015, 31, 15),
('15CSI036', 'Kurikulum Ilmu Komputer 36', 2015, 31, 12),
('15CSI037', 'Kurikulum Ilmu Komputer 37', 2015, 36, 21),
('15CSI038', 'Kurikulum Ilmu Komputer 38', 2015, 33, 14),
('15CSI039', 'Kurikulum Ilmu Komputer 39', 2015, 36, 19),
('15CSI040', 'Kurikulum Ilmu Komputer 40', 2015, 39, 14),
('15CSI041', 'Kurikulum Ilmu Komputer 41', 2015, 31, 14),
('15CSI042', 'Kurikulum Ilmu Komputer 42', 2015, 37, 17),
('15CSI043', 'Kurikulum Ilmu Komputer 43', 2015, 30, 17),
('15CSI044', 'Kurikulum Ilmu Komputer 44', 2015, 35, 16),
('15CSI045', 'Kurikulum Ilmu Komputer 45', 2015, 32, 17),
('15CSI046', 'Kurikulum Ilmu Komputer 46', 2015, 32, 13),
('15CSI047', 'Kurikulum Ilmu Komputer 47', 2015, 41, 15),
('15CSI048', 'Kurikulum Ilmu Komputer 48', 2015, 38, 18),
('15CSI049', 'Kurikulum Ilmu Komputer 49', 2015, 37, 18),
('15CSI050', 'Kurikulum Ilmu Komputer 50', 2015, 32, 17),
('15CSI051', 'Kurikulum Ilmu Komputer 51', 2015, 0, 0),
('15CSI052', 'Kurikulum Ilmu Komputer 52', 2015, 0, 0),
('15CSI053', 'Kurikulum Ilmu Komputer 53', 2015, 0, 0),
('15CSI054', 'Kurikulum Ilmu Komputer 54', 2015, 0, 0),
('15CSI055', 'Kurikulum Ilmu Komputer 55', 2015, 0, 0),
('15CSI056', 'Kurikulum Ilmu Komputer 56', 2015, 0, 0),
('15CSI057', 'Kurikulum Ilmu Komputer 57', 2015, 0, 0),
('15CSI058', 'Kurikulum Ilmu Komputer 58', 2015, 0, 0),
('15CSI059', 'Kurikulum Ilmu Komputer 59', 2015, 0, 0),
('15CSI060', 'Kurikulum Ilmu Komputer 60', 2015, 0, 0),
('15CSI061', 'Kurikulum Ilmu Komputer 61', 2015, 0, 0),
('15CSI062', 'Kurikulum Ilmu Komputer 62', 2015, 0, 0),
('15CSI063', 'Kurikulum Ilmu Komputer 63', 2015, 0, 0),
('15CSI064', 'Kurikulum Ilmu Komputer 64', 2015, 0, 0),
('15CSI065', 'Kurikulum Ilmu Komputer 65', 2015, 0, 0),
('15CSI066', 'Kurikulum Ilmu Komputer 66', 2015, 0, 0),
('15CSI067', 'Kurikulum Ilmu Komputer 67', 2015, 0, 0),
('15CSI068', 'Kurikulum Ilmu Komputer 68', 2015, 0, 0),
('15CSI069', 'Kurikulum Ilmu Komputer 69', 2015, 0, 0),
('15CSI070', 'Kurikulum Ilmu Komputer 70', 2015, 0, 0),
('15CSI071', 'Kurikulum Ilmu Komputer 71', 2015, 0, 0),
('15CSI072', 'Kurikulum Ilmu Komputer 72', 2015, 0, 0),
('15CSI073', 'Kurikulum Ilmu Komputer 73', 2015, 0, 0),
('15CSI074', 'Kurikulum Ilmu Komputer 74', 2015, 0, 0),
('15CSI075', 'Kurikulum Ilmu Komputer 75', 2015, 0, 0),
('15CSI076', 'Kurikulum Ilmu Komputer 76', 2015, 0, 0),
('15CSI077', 'Kurikulum Ilmu Komputer 77', 2015, 0, 0),
('15CSI078', 'Kurikulum Ilmu Komputer 78', 2015, 0, 0),
('15CSI079', 'Kurikulum Ilmu Komputer 79', 2015, 0, 0),
('15CSI080', 'Kurikulum Ilmu Komputer 80', 2015, 0, 0),
('15CSI081', 'Kurikulum Ilmu Komputer 81', 2015, 0, 0),
('15CSI082', 'Kurikulum Ilmu Komputer 82', 2015, 0, 0),
('15CSI083', 'Kurikulum Ilmu Komputer 83', 2015, 0, 0),
('15CSI084', 'Kurikulum Ilmu Komputer 84', 2015, 0, 0),
('15CSI085', 'Kurikulum Ilmu Komputer 85', 2015, 0, 0),
('15CSI086', 'Kurikulum Ilmu Komputer 86', 2015, 0, 0),
('15CSI087', 'Kurikulum Ilmu Komputer 87', 2015, 0, 0),
('15CSI088', 'Kurikulum Ilmu Komputer 88', 2015, 0, 0),
('15CSI089', 'Kurikulum Ilmu Komputer 89', 2015, 0, 0),
('15CSI090', 'Kurikulum Ilmu Komputer 90', 2015, 0, 0),
('15CSI091', 'Kurikulum Ilmu Komputer 91', 2015, 0, 0),
('15CSI092', 'Kurikulum Ilmu Komputer 92', 2015, 0, 0),
('15CSI093', 'Kurikulum Ilmu Komputer 93', 2015, 0, 0),
('15CSI094', 'Kurikulum Ilmu Komputer 94', 2015, 0, 0),
('15CSI095', 'Kurikulum Ilmu Komputer 95', 2015, 0, 0),
('15CSI096', 'Kurikulum Ilmu Komputer 96', 2015, 0, 0),
('15CSI097', 'Kurikulum Ilmu Komputer 97', 2015, 0, 0),
('15CSI098', 'Kurikulum Ilmu Komputer 98', 2015, 0, 0),
('15CSI099', 'Kurikulum Ilmu Komputer 99', 2015, 0, 0),
('15CSI100', 'Kurikulum Ilmu Komputer 100', 2015, 0, 0),
('15CSI101', 'Kurikulum Ilmu Komputer 101', 2015, 0, 0),
('15CSI102', 'Kurikulum Ilmu Komputer 102', 2015, 0, 0),
('15CSI103', 'Kurikulum Ilmu Komputer 103', 2015, 0, 0),
('15CSI104', 'Kurikulum Ilmu Komputer 104', 2015, 0, 0),
('15CSI105', 'Kurikulum Ilmu Komputer 105', 2015, 0, 0),
('15CSI106', 'Kurikulum Ilmu Komputer 106', 2015, 0, 0),
('15CSI107', 'Kurikulum Ilmu Komputer 107', 2015, 0, 0),
('15CSI108', 'Kurikulum Ilmu Komputer 108', 2015, 0, 0),
('15CSI109', 'Kurikulum Ilmu Komputer 109', 2015, 0, 0),
('15CSI110', 'Kurikulum Ilmu Komputer 110', 2015, 0, 0),
('15CSI111', 'Kurikulum Ilmu Komputer 111', 2015, 0, 0),
('15CSI112', 'Kurikulum Ilmu Komputer 112', 2015, 0, 0),
('15CSI113', 'Kurikulum Ilmu Komputer 113', 2015, 0, 0),
('15CSI114', 'Kurikulum Ilmu Komputer 114', 2015, 0, 0),
('15CSI115', 'Kurikulum Ilmu Komputer 115', 2015, 0, 0),
('15CSI116', 'Kurikulum Ilmu Komputer 116', 2015, 0, 0),
('15CSI117', 'Kurikulum Ilmu Komputer 117', 2015, 0, 0),
('15CSI118', 'Kurikulum Ilmu Komputer 118', 2015, 0, 0),
('15CSI119', 'Kurikulum Ilmu Komputer 119', 2015, 0, 0),
('15CSI120', 'Kurikulum Ilmu Komputer 120', 2015, 0, 0),
('15CSI121', 'Kurikulum Ilmu Komputer 121', 2015, 0, 0),
('15CSI122', 'Kurikulum Ilmu Komputer 122', 2015, 0, 0),
('15CSI123', 'Kurikulum Ilmu Komputer 123', 2015, 0, 0),
('15CSI124', 'Kurikulum Ilmu Komputer 124', 2015, 0, 0),
('15CSI125', 'Kurikulum Ilmu Komputer 125', 2015, 0, 0),
('15CSI126', 'Kurikulum Ilmu Komputer 126', 2015, 0, 0),
('15CSI127', 'Kurikulum Ilmu Komputer 127', 2015, 0, 0),
('15CSI128', 'Kurikulum Ilmu Komputer 128', 2015, 0, 0),
('15CSI129', 'Kurikulum Ilmu Komputer 129', 2015, 0, 0),
('15CSI130', 'Kurikulum Ilmu Komputer 130', 2015, 0, 0),
('15CSI131', 'Kurikulum Ilmu Komputer 131', 2015, 0, 0),
('15SSA001', 'Kurikulum Sastra Arab 1', 2015, 0, 0),
('15SSA002', 'Kurikulum Sastra India 1', 2015, 0, 0),
('15SSA003', 'Kurikulum Sastra Asia 1', 2015, 0, 0),
('15SSA004', 'Kurikulum Sastra Arab 2', 2015, 0, 0),
('15SSA005', 'Kurikulum Sastra India 2', 2015, 0, 0),
('15SSA006', 'Kurikulum Sastra Asia 2', 2015, 0, 0),
('15SSA007', 'Kurikulum Sastra Arab 3', 2015, 0, 0),
('15SSA008', 'Kurikulum Sastra India 3', 2015, 0, 0),
('15SSA009', 'Kurikulum Sastra Asia 3', 2015, 0, 0),
('15SSA010', 'Kurikulum Sastra Arab 4', 2015, 0, 0),
('15SSA011', 'Kurikulum Sastra India 4', 2015, 0, 0),
('15SSA012', 'Kurikulum Sastra Asia 4', 2015, 0, 0),
('15SSA013', 'Kurikulum Sastra Arab 5', 2015, 0, 0),
('15SSA014', 'Kurikulum Sastra India 5', 2015, 0, 0),
('15SSA015', 'Kurikulum Sastra Asia 5', 2015, 0, 0),
('15SSA016', 'Kurikulum Sastra Arab 6', 2015, 0, 0),
('15SSA017', 'Kurikulum Sastra India 6', 2015, 0, 0),
('15SSA018', 'Kurikulum Sastra Asia 6', 2015, 0, 0),
('15SSA019', 'Kurikulum Sastra Arab 7', 2015, 0, 0),
('15SSA020', 'Kurikulum Sastra India 7', 2015, 0, 0),
('15SSA021', 'Kurikulum Sastra Asia 7', 2015, 0, 0),
('15SSA022', 'Kurikulum Sastra Arab 8', 2015, 0, 0),
('15SSA023', 'Kurikulum Sastra India 8', 2015, 0, 0),
('15SSA024', 'Kurikulum Sastra Asia 8', 2015, 0, 0),
('15SSA025', 'Kurikulum Sastra Arab 9', 2015, 0, 0),
('15SSA026', 'Kurikulum Sastra India 9', 2015, 0, 0),
('15SSA027', 'Kurikulum Sastra Asia 9', 2015, 0, 0),
('15SSA028', 'Kurikulum Sastra Arab 10', 2015, 0, 0),
('15SSA029', 'Kurikulum Sastra India 10', 2015, 0, 0),
('15SSA030', 'Kurikulum Sastra Asia 10', 2015, 0, 0),
('15SSA031', 'Kurikulum Sastra Arab 11', 2015, 0, 0),
('15SSA032', 'Kurikulum Sastra India 11', 2015, 0, 0),
('15SSA033', 'Kurikulum Sastra Asia 11', 2015, 0, 0),
('15SSA034', 'Kurikulum Sastra Arab 12', 2015, 0, 0),
('15SSA035', 'Kurikulum Sastra India 12', 2015, 0, 0),
('15SSA036', 'Kurikulum Sastra Asia 12', 2015, 0, 0),
('15SSA037', 'Kurikulum Sastra Arab 13', 2015, 0, 0),
('15SSA038', 'Kurikulum Sastra India 13', 2015, 0, 0),
('15SSA039', 'Kurikulum Sastra Asia 13', 2015, 0, 0),
('15SSA040', 'Kurikulum Sastra Arab 14', 2015, 0, 0),
('15SSA041', 'Kurikulum Sastra India 14', 2015, 0, 0),
('15SSA042', 'Kurikulum Sastra Asia 14', 2015, 0, 0),
('15SSA043', 'Kurikulum Sastra Arab 15', 2015, 0, 0),
('15SSA044', 'Kurikulum Sastra India 15', 2015, 0, 0),
('15SSA045', 'Kurikulum Sastra Asia 15', 2015, 0, 0),
('15SSA046', 'Kurikulum Sastra Arab 16', 2015, 0, 0),
('15SSA047', 'Kurikulum Sastra India 16', 2015, 0, 0),
('15SSA048', 'Kurikulum Sastra Asia 16', 2015, 0, 0),
('15SSA049', 'Kurikulum Sastra Arab 17', 2015, 0, 0),
('15SSA050', 'Kurikulum Sastra India 17', 2015, 0, 0),
('15SSA051', 'Kurikulum Sastra Asia 17', 2015, 0, 0),
('15SSA052', 'Kurikulum Sastra Arab 18', 2015, 0, 0),
('15SSA053', 'Kurikulum Sastra India 18', 2015, 0, 0),
('15SSA054', 'Kurikulum Sastra Asia 18', 2015, 0, 0),
('15SSA055', 'Kurikulum Sastra Arab 19', 2015, 0, 0),
('15SSA056', 'Kurikulum Sastra India 19', 2015, 0, 0),
('15SSA057', 'Kurikulum Sastra Asia 19', 2015, 0, 0),
('15SSA058', 'Kurikulum Sastra Arab 20', 2015, 0, 0),
('15SSA059', 'Kurikulum Sastra India 20', 2015, 0, 0),
('15SSA060', 'Kurikulum Sastra Asia 20', 2015, 0, 0),
('15SSA061', 'Kurikulum Sastra Arab 21', 2015, 0, 0),
('15SSA062', 'Kurikulum Sastra India 21', 2015, 0, 0),
('15SSA063', 'Kurikulum Sastra Asia 21', 2015, 0, 0),
('15SSA064', 'Kurikulum Sastra Arab 22', 2015, 0, 0),
('15SSA065', 'Kurikulum Sastra India 22', 2015, 0, 0),
('15SSA066', 'Kurikulum Sastra Asia 22', 2015, 0, 0),
('15SSA067', 'Kurikulum Sastra Arab 23', 2015, 0, 0),
('15SSA068', 'Kurikulum Sastra India 23', 2015, 0, 0),
('15SSA069', 'Kurikulum Sastra Asia 23', 2015, 0, 0),
('15SSA070', 'Kurikulum Sastra Arab 24', 2015, 0, 0),
('15SSA071', 'Kurikulum Sastra India 24', 2015, 0, 0),
('15SSA072', 'Kurikulum Sastra Asia 24', 2015, 0, 0),
('15SSA073', 'Kurikulum Sastra Arab 25', 2015, 0, 0),
('15SSA074', 'Kurikulum Sastra India 25', 2015, 0, 0),
('15SSA075', 'Kurikulum Sastra Asia 25', 2015, 0, 0),
('15SSA076', 'Kurikulum Sastra Arab 26', 2015, 0, 0),
('15SSA077', 'Kurikulum Sastra India 26', 2015, 0, 0),
('15SSA078', 'Kurikulum Sastra Asia 26', 2015, 0, 0),
('15SSA079', 'Kurikulum Sastra Arab 27', 2015, 0, 0),
('15SSA080', 'Kurikulum Sastra India 27', 2015, 0, 0),
('15SSA081', 'Kurikulum Sastra Asia 27', 2015, 0, 0),
('15SSA082', 'Kurikulum Sastra Arab 28', 2015, 0, 0),
('15SSA083', 'Kurikulum Sastra India 28', 2015, 0, 0),
('15SSA084', 'Kurikulum Sastra Asia 28', 2015, 0, 0),
('15SSA085', 'Kurikulum Sastra Arab 29', 2015, 0, 0),
('15SSA086', 'Kurikulum Sastra India 29', 2015, 0, 0),
('15SSA087', 'Kurikulum Sastra Asia 29', 2015, 0, 0),
('15SSA088', 'Kurikulum Sastra Arab 30', 2015, 0, 0),
('15SSA089', 'Kurikulum Sastra India 30', 2015, 0, 0),
('15SSA090', 'Kurikulum Sastra Asia 30', 2015, 0, 0),
('15SSA091', 'Kurikulum Sastra Arab 31', 2015, 0, 0),
('15SSA092', 'Kurikulum Sastra India 31', 2015, 0, 0),
('15SSA093', 'Kurikulum Sastra Asia 31', 2015, 0, 0),
('15SSA094', 'Kurikulum Sastra Arab 32', 2015, 0, 0),
('15SSA095', 'Kurikulum Sastra India 32', 2015, 0, 0),
('15SSA096', 'Kurikulum Sastra Asia 32', 2015, 0, 0),
('15SSA097', 'Kurikulum Sastra Arab 33', 2015, 0, 0),
('15SSA098', 'Kurikulum Sastra India 33', 2015, 0, 0),
('15SSA099', 'Kurikulum Sastra Asia 33', 2015, 0, 0),
('17SZA001', 'Kurikulum Sastra Arab 34', 2017, 0, 0),
('17SZA002', 'Kurikulum Sastra India 34', 2017, 0, 0),
('17SZA003', 'Kurikulum Sastra Asia 34', 2017, 0, 0),
('17SZA004', 'Kurikulum Sastra Arab 35', 2017, 0, 0),
('17SZA005', 'Kurikulum Sastra India 35', 2017, 0, 0),
('17SZA006', 'Kurikulum Sastra Asia 35', 2017, 0, 0),
('17SZA007', 'Kurikulum Sastra Arab 36', 2017, 0, 0),
('17SZA008', 'Kurikulum Sastra India 36', 2017, 0, 0),
('17SZA009', 'Kurikulum Sastra Asia 36', 2017, 0, 0),
('17SZA010', 'Kurikulum Sastra Arab 37', 2017, 0, 0),
('17SZA011', 'Kurikulum Sastra India 37', 2017, 0, 0),
('17SZA012', 'Kurikulum Sastra Asia 37', 2017, 0, 0),
('17SZA013', 'Kurikulum Sastra Arab 38', 2017, 0, 0),
('17SZA014', 'Kurikulum Sastra India 38', 2017, 0, 0),
('17SZA015', 'Kurikulum Sastra Asia 38', 2017, 0, 0),
('17SZA016', 'Kurikulum Sastra Arab 39', 2017, 0, 0),
('17SZA017', 'Kurikulum Sastra India 39', 2017, 0, 0),
('17SZA018', 'Kurikulum Sastra Asia 39', 2017, 0, 0),
('17SZA019', 'Kurikulum Sastra Arab 40', 2017, 0, 0),
('17SZA020', 'Kurikulum Sastra India 40', 2017, 0, 0),
('17SZA021', 'Kurikulum Sastra Asia 40', 2017, 0, 0),
('17SZA022', 'Kurikulum Sastra Arab 41', 2017, 0, 0),
('17SZA023', 'Kurikulum Sastra India 41', 2017, 0, 0),
('17SZA024', 'Kurikulum Sastra Asia 41', 2017, 0, 0),
('17SZA025', 'Kurikulum Sastra Arab 42', 2017, 0, 0),
('17SZA026', 'Kurikulum Sastra India 42', 2017, 0, 0),
('17SZA027', 'Kurikulum Sastra Asia 42', 2017, 0, 0),
('17SZA028', 'Kurikulum Sastra Arab 43', 2017, 0, 0),
('17SZA029', 'Kurikulum Sastra India 43', 2017, 0, 0),
('17SZA030', 'Kurikulum Sastra Asia 43', 2017, 0, 0),
('17SZA031', 'Kurikulum Sastra Arab 44', 2017, 0, 0),
('17SZA032', 'Kurikulum Sastra India 44', 2017, 0, 0),
('17SZA033', 'Kurikulum Sastra Asia 44', 2017, 0, 0),
('17SZA034', 'Kurikulum Sastra Arab 45', 2017, 0, 0),
('17SZA035', 'Kurikulum Sastra India 45', 2017, 0, 0),
('17SZA036', 'Kurikulum Sastra Asia 45', 2017, 0, 0),
('17SZA037', 'Kurikulum Sastra Arab 46', 2017, 0, 0),
('17SZA038', 'Kurikulum Sastra India 46', 2017, 0, 0),
('17SZA039', 'Kurikulum Sastra Asia 46', 2017, 0, 0),
('17SZA040', 'Kurikulum Sastra Arab 47', 2017, 0, 0),
('17SZA041', 'Kurikulum Sastra India 47', 2017, 0, 0),
('17SZA042', 'Kurikulum Sastra Asia 47', 2017, 0, 0),
('17SZA043', 'Kurikulum Sastra Arab 48', 2017, 0, 0),
('17SZA044', 'Kurikulum Sastra India 48', 2017, 0, 0),
('17SZA045', 'Kurikulum Sastra Asia 48', 2017, 0, 0),
('17SZA046', 'Kurikulum Sastra Arab 49', 2017, 0, 0),
('17SZA047', 'Kurikulum Sastra India 49', 2017, 0, 0),
('17SZA048', 'Kurikulum Sastra Asia 49', 2017, 0, 0),
('17SZA049', 'Kurikulum Sastra Arab 50', 2017, 0, 0),
('17SZA050', 'Kurikulum Sastra India 50', 2017, 0, 0),
('17SZA051', 'Kurikulum Sastra Asia 50', 2017, 0, 0),
('17SZA052', 'Kurikulum Sastra Arab 51', 2017, 0, 0),
('17SZA053', 'Kurikulum Sastra India 51', 2017, 0, 0),
('17SZA054', 'Kurikulum Sastra Asia 51', 2017, 0, 0),
('17SZA055', 'Kurikulum Sastra Arab 52', 2017, 0, 0),
('17SZA056', 'Kurikulum Sastra India 52', 2017, 0, 0),
('17SZA057', 'Kurikulum Sastra Asia 52', 2017, 0, 0),
('17SZA058', 'Kurikulum Sastra Arab 53', 2017, 0, 0),
('17SZA059', 'Kurikulum Sastra India 53', 2017, 0, 0),
('17SZA060', 'Kurikulum Sastra Asia 53', 2017, 0, 0),
('17SZA061', 'Kurikulum Sastra Arab 54', 2017, 0, 0),
('17SZA062', 'Kurikulum Sastra India 54', 2017, 0, 0),
('17SZA063', 'Kurikulum Sastra Asia 54', 2017, 0, 0),
('17SZA064', 'Kurikulum Sastra Arab 55', 2017, 0, 0),
('17SZA065', 'Kurikulum Sastra India 55', 2017, 0, 0),
('17SZA066', 'Kurikulum Sastra Asia 55', 2017, 0, 0),
('17SZA067', 'Kurikulum Sastra Arab 56', 2017, 0, 0),
('17SZA068', 'Kurikulum Sastra India 56', 2017, 0, 0),
('17SZA069', 'Kurikulum Sastra Asia 56', 2017, 0, 0);

-- --------------------------------------------------------

--
-- Table structure for table `kurikulum_instansi`
--

DROP TABLE IF EXISTS `kurikulum_instansi`;
CREATE TABLE `kurikulum_instansi` (
  `kode_kurikulum` varchar(8) NOT NULL,
  `kode_prodi` varchar(8) NOT NULL,
  `kode_fakultas` varchar(8) NOT NULL,
  `kode_universitas` varchar(8) NOT NULL
) ENGINE=InnoDB DEFAULT CHARSET=latin1;

--
-- RELATIONS FOR TABLE `kurikulum_instansi`:
--   `kode_kurikulum`
--       `kurikulum` -> `kode`
--

--
-- Dumping data for table `kurikulum_instansi`
--

INSERT INTO `kurikulum_instansi` VALUES
('15CSI001', '1', '1', '1'),
('15CSI002', '2', '1', '1'),
('15CSI003', '3', '1', '1'),
('15CSI004', '1', '2', '1'),
('15CSI005', '2', '2', '1'),
('15CSI006', '3', '2', '1'),
('15CSI007', '1', '3', '1'),
('15CSI008', '2', '3', '1'),
('15CSI009', '3', '3', '1'),
('15CSI010', '1', '1', '2'),
('15CSI011', '2', '1', '2'),
('15CSI012', '3', '1', '2'),
('15CSI013', '1', '2', '2'),
('15CSI014', '2', '2', '2'),
('15CSI015', '3', '2', '2'),
('15CSI016', '1', '3', '2'),
('15CSI017', '2', '3', '2'),
('15CSI018', '3', '3', '2'),
('15CSI019', '1', '1', '3'),
('15CSI020', '2', '1', '3'),
('15CSI021', '3', '1', '3'),
('15CSI022', '1', '2', '3'),
('15CSI023', '2', '2', '3'),
('15CSI024', '3', '2', '3'),
('15CSI025', '1', '3', '3'),
('15CSI026', '2', '3', '3'),
('15CSI027', '3', '3', '3'),
('15CSI028', '1', '1', '1'),
('15CSI029', '2', '1', '1'),
('15CSI030', '3', '1', '1'),
('15CSI031', '1', '2', '1'),
('15CSI032', '2', '2', '1'),
('15CSI033', '3', '2', '1'),
('15CSI034', '1', '3', '1'),
('15CSI035', '2', '3', '1'),
('15CSI036', '3', '3', '1'),
('15CSI037', '1', '1', '2'),
('15CSI038', '2', '1', '2'),
('15CSI039', '3', '1', '2'),
('15CSI040', '1', '2', '2'),
('15CSI041', '2', '2', '2'),
('15CSI042', '3', '2', '2'),
('15CSI043', '1', '3', '2'),
('15CSI044', '2', '3', '2'),
('15CSI045', '3', '3', '2'),
('15CSI046', '1', '1', '3'),
('15CSI047', '2', '1', '3'),
('15CSI048', '3', '1', '3'),
('15CSI049', '1', '2', '3'),
('15CSI050', '2', '2', '3'),
('15CSI051', '3', '2', '3'),
('15CSI052', '1', '3', '3'),
('15CSI053', '2', '3', '3'),
('15CSI054', '3', '3', '3'),
('15CSI055', '1', '1', '1'),
('15CSI056', '2', '1', '1'),
('15CSI057', '3', '1', '1'),
('15CSI058', '1', '2', '1'),
('15CSI059', '2', '2', '1'),
('15CSI060', '3', '2', '1'),
('15CSI061', '1', '3', '1'),
('15CSI062', '2', '3', '1'),
('15CSI063', '3', '3', '1'),
('15CSI064', '1', '1', '2'),
('15CSI065', '2', '1', '2'),
('15CSI066', '3', '1', '2'),
('15CSI067', '1', '2', '2'),
('15CSI068', '2', '2', '2'),
('15CSI069', '3', '2', '2'),
('15CSI070', '1', '3', '2'),
('15CSI071', '2', '3', '2'),
('15CSI072', '3', '3', '2'),
('15CSI073', '1', '1', '3'),
('15CSI074', '2', '1', '3'),
('15CSI075', '3', '1', '3'),
('15CSI076', '1', '2', '3'),
('15CSI077', '2', '2', '3'),
('15CSI078', '3', '2', '3'),
('15CSI079', '1', '3', '3'),
('15CSI080', '2', '3', '3'),
('15CSI081', '3', '3', '3'),
('15CSI082', '1', '1', '1'),
('15CSI083', '2', '1', '1'),
('15CSI084', '3', '1', '1'),
('15CSI085', '1', '2', '1'),
('15CSI086', '2', '2', '1'),
('15CSI087', '3', '2', '1'),
('15CSI088', '1', '3', '1'),
('15CSI089', '2', '3', '1'),
('15CSI090', '3', '3', '1'),
('15CSI091', '1', '1', '2'),
('15CSI092', '2', '1', '2'),
('15CSI093', '3', '1', '2'),
('15CSI094', '1', '2', '2'),
('15CSI095', '2', '2', '2'),
('15CSI096', '3', '2', '2'),
('15CSI097', '1', '3', '2'),
('15CSI098', '2', '3', '2'),
('15CSI099', '3', '3', '2'),
('15CSI100', '1', '1', '3'),
('15CSI101', '2', '1', '3'),
('15CSI102', '3', '1', '3'),
('15CSI103', '1', '2', '3'),
('15CSI104', '2', '2', '3'),
('15CSI105', '3', '2', '3'),
('15CSI106', '1', '3', '3'),
('15CSI107', '2', '3', '3'),
('15CSI108', '3', '3', '3'),
('15CSI109', '1', '1', '1'),
('15CSI110', '2', '1', '1'),
('15CSI111', '3', '1', '1'),
('15CSI112', '1', '2', '1'),
('15CSI113', '2', '2', '1'),
('15CSI114', '3', '2', '1'),
('15CSI115', '1', '3', '1'),
('15CSI116', '2', '3', '1'),
('15CSI117', '3', '3', '1'),
('15CSI118', '1', '1', '2'),
('15CSI119', '2', '1', '2'),
('15CSI120', '3', '1', '2'),
('15CSI121', '1', '2', '2'),
('15CSI122', '2', '2', '2'),
('15CSI123', '3', '2', '2'),
('15CSI124', '1', '3', '2'),
('15CSI125', '2', '3', '2'),
('15CSI126', '3', '3', '2'),
('15CSI127', '1', '1', '3'),
('15CSI128', '2', '1', '3'),
('15CSI129', '3', '1', '3'),
('15CSI130', '1', '2', '3'),
('15CSI131', '2', '2', '3'),
('15SSA001', '3', '2', '3'),
('15SSA002', '1', '3', '3'),
('15SSA003', '2', '3', '3'),
('15SSA004', '3', '3', '3'),
('15SSA005', '1', '1', '1'),
('15SSA006', '2', '1', '1'),
('15SSA007', '3', '1', '1'),
('15SSA008', '1', '2', '1'),
('15SSA009', '2', '2', '1'),
('15SSA010', '3', '2', '1'),
('15SSA011', '1', '3', '1'),
('15SSA012', '2', '3', '1'),
('15SSA013', '3', '3', '1'),
('15SSA014', '1', '1', '2'),
('15SSA015', '2', '1', '2'),
('15SSA016', '3', '1', '2'),
('15SSA017', '1', '2', '2'),
('15SSA018', '2', '2', '2'),
('15SSA019', '3', '2', '2'),
('15SSA020', '1', '3', '2'),
('15SSA021', '2', '3', '2'),
('15SSA022', '3', '3', '2'),
('15SSA023', '1', '1', '3'),
('15SSA024', '2', '1', '3'),
('15SSA025', '3', '1', '3'),
('15SSA026', '1', '2', '3'),
('15SSA027', '2', '2', '3'),
('15SSA028', '3', '2', '3'),
('15SSA029', '1', '3', '3'),
('15SSA030', '2', '3', '3'),
('15SSA031', '3', '3', '3'),
('15SSA032', '1', '1', '1'),
('15SSA033', '2', '1', '1'),
('15SSA034', '3', '1', '1'),
('15SSA035', '1', '2', '1'),
('15SSA036', '2', '2', '1'),
('15SSA037', '3', '2', '1'),
('15SSA038', '1', '3', '1'),
('15SSA039', '2', '3', '1'),
('15SSA040', '3', '3', '1'),
('15SSA041', '1', '1', '2'),
('15SSA042', '2', '1', '2'),
('15SSA043', '3', '1', '2'),
('15SSA044', '1', '2', '2'),
('15SSA045', '2', '2', '2'),
('15SSA046', '3', '2', '2'),
('15SSA047', '1', '3', '2'),
('15SSA048', '2', '3', '2'),
('15SSA049', '3', '3', '2'),
('15SSA050', '1', '1', '3'),
('15SSA051', '2', '1', '3'),
('15SSA052', '3', '1', '3'),
('15SSA053', '1', '2', '3'),
('15SSA054', '2', '2', '3'),
('15SSA055', '3', '2', '3'),
('15SSA056', '1', '3', '3'),
('15SSA057', '2', '3', '3'),
('15SSA058', '3', '3', '3'),
('15SSA059', '1', '1', '1'),
('15SSA060', '2', '1', '1'),
('15SSA061', '3', '1', '1'),
('15SSA062', '1', '2', '1'),
('15SSA063', '2', '2', '1'),
('15SSA064', '3', '2', '1'),
('15SSA065', '1', '3', '1'),
('15SSA066', '2', '3', '1'),
('15SSA067', '3', '3', '1'),
('15SSA068', '1', '1', '2'),
('15SSA069', '2', '1', '2'),
('15SSA070', '3', '1', '2'),
('15SSA071', '1', '2', '2'),
('15SSA072', '2', '2', '2'),
('15SSA073', '3', '2', '2'),
('15SSA074', '1', '3', '2'),
('15SSA075', '2', '3', '2'),
('15SSA076', '3', '3', '2'),
('15SSA077', '1', '1', '3'),
('15SSA078', '2', '1', '3'),
('15SSA079', '3', '1', '3'),
('15SSA080', '1', '2', '3'),
('15SSA081', '2', '2', '3'),
('15SSA082', '3', '2', '3'),
('15SSA083', '1', '3', '3'),
('15SSA084', '2', '3', '3'),
('15SSA085', '3', '3', '3'),
('15SSA086', '1', '1', '1'),
('15SSA087', '2', '1', '1'),
('15SSA088', '3', '1', '1'),
('15SSA089', '1', '2', '1'),
('15SSA090', '2', '2', '1'),
('15SSA091', '3', '2', '1'),
('15SSA092', '1', '3', '1'),
('15SSA093', '2', '3', '1'),
('15SSA094', '3', '3', '1'),
('15SSA095', '1', '1', '2'),
('15SSA096', '2', '1', '2'),
('15SSA097', '3', '1', '2'),
('15SSA098', '1', '2', '2'),
('15SSA099', '2', '2', '2'),
('17SZA001', '3', '2', '2'),
('17SZA002', '1', '3', '2'),
('17SZA003', '2', '3', '2'),
('17SZA004', '3', '3', '2'),
('17SZA005', '1', '1', '3'),
('17SZA006', '2', '1', '3'),
('17SZA007', '3', '1', '3'),
('17SZA008', '1', '2', '3'),
('17SZA009', '2', '2', '3'),
('17SZA010', '3', '2', '3'),
('17SZA011', '1', '3', '3'),
('17SZA012', '2', '3', '3'),
('17SZA013', '3', '3', '3'),
('17SZA014', '1', '1', '1'),
('17SZA015', '2', '1', '1'),
('17SZA016', '3', '1', '1'),
('17SZA017', '1', '2', '1'),
('17SZA018', '2', '2', '1'),
('17SZA019', '3', '2', '1'),
('17SZA020', '1', '3', '1'),
('17SZA021', '2', '3', '1'),
('17SZA022', '3', '3', '1'),
('17SZA023', '1', '1', '2'),
('17SZA024', '2', '1', '2'),
('17SZA025', '3', '1', '2'),
('17SZA026', '1', '2', '2'),
('17SZA027', '2', '2', '2'),
('17SZA028', '3', '2', '2'),
('17SZA029', '1', '3', '2'),
('17SZA030', '2', '3', '2'),
('17SZA031', '3', '3', '2'),
('17SZA032', '1', '1', '3'),
('17SZA033', '2', '1', '3'),
('17SZA034', '3', '1', '3'),
('17SZA035', '1', '2', '3'),
('17SZA036', '2', '2', '3'),
('17SZA037', '3', '2', '3'),
('17SZA038', '1', '3', '3'),
('17SZA039', '2', '3', '3'),
('17SZA040', '3', '3', '3'),
('17SZA041', '1', '1', '1'),
('17SZA042', '2', '1', '1'),
('17SZA043', '3', '1', '1'),
('17SZA044', '1', '2', '1'),
('17SZA045', '2', '2', '1'),
('17SZA046', '3', '2', '1'),
('17SZA047', '1', '3', '1'),
('17SZA048', '2', '3', '1'),
('17SZA049', '3', '3', '1'),
('17SZA050', '1', '1', '2'),
('17SZA051', '2', '1', '2'),
('17SZA052', '3', '1', '2'),
('17SZA053', '1', '2', '2'),
('17SZA054', '2', '2', '2'),
('17SZA055', '3', '2', '2'),
('17SZA056', '1', '3', '2'),
('17SZA057', '2', '3', '2'),
('17SZA058', '3', '3', '2'),
('17SZA059', '1', '1', '3'),
('17SZA060', '2', '1', '3'),
('17SZA061', '3', '1', '3'),
('17SZA062', '1', '2', '3'),
('17SZA063', '2', '2', '3'),
('17SZA064', '3', '2', '3'),
('17SZA065', '1', '3', '3'),
('17SZA066', '2', '3', '3'),
('17SZA067', '3', '3', '3'),
('17SZA068', '1', '1', '1'),
('17SZA069', '2', '1', '1'),
('15CSI002', '1', '1', '1'),
('15CSI004', '1', '1', '1'),
('15CSI003', '2', '3', '1');

-- --------------------------------------------------------

--
-- Table structure for table `mata_kuliah`
--

DROP TABLE IF EXISTS `mata_kuliah`;
CREATE TABLE `mata_kuliah` (
  `kode` varchar(8) NOT NULL,
  `nama` varchar(100) NOT NULL,
  `jumlah_sks` int(3) NOT NULL,
  `deskripsi` varchar(256) DEFAULT NULL
) ENGINE=InnoDB DEFAULT CHARSET=latin1;

--
-- RELATIONS FOR TABLE `mata_kuliah`:
--

--
-- Dumping data for table `mata_kuliah`
--

INSERT INTO `mata_kuliah` VALUES
('CSI00001', 'Desktop Support Technician', 1, NULL),
('CSI00002', 'Recruiter', 3, NULL),
('CSI00003', 'Food Chemist', 1, NULL),
('CSI00004', 'Safety Technician IV', 2, NULL),
('CSI00005', 'Safety Technician III', 3, NULL),
('CSI00006', 'Executive Secretary', 4, NULL),
('CSI00007', 'Research Assistant IV', 2, NULL),
('CSI00008', 'Associate Professor', 3, NULL),
('CSI00009', 'Office Assistant IV', 1, NULL),
('CSI00010', 'Assistant Media Planner', 4, NULL),
('CSI00011', 'Structural Engineer', 4, NULL),
('CSI00012', 'Analog Circuit Design manager', 2, NULL),
('CSI00013', 'GIS Technical Architect', 2, NULL),
('CSI00014', 'Data Coordiator', 2, NULL),
('CSI00015', 'Legal Assistant', 4, NULL),
('CSI00016', 'GIS Technical Architect', 1, NULL),
('CSI00017', 'Accounting Assistant III', 2, NULL),
('CSI00018', 'Legal Assistant', 1, NULL),
('CSI00019', 'Administrative Assistant III', 4, NULL),
('CSI00020', 'Environmental Tech', 3, NULL),
('CSI00021', 'General Manager', 1, NULL),
('CSI00022', 'Database Administrator I', 3, NULL),
('CSI00023', 'Electrical Engineer', 2, NULL),
('CSI00024', 'General Manager', 4, NULL),
('CSI00025', 'Payment Adjustment Coordinator', 4, NULL),
('CSI00026', 'Budget/Accounting Analyst III', 2, NULL),
('CSI00027', 'Data Coordiator', 3, NULL),
('CSI00028', 'Budget/Accounting Analyst III', 4, NULL),
('CSI00029', 'Structural Analysis Engineer', 1, NULL),
('CSI00030', 'Quality Control Specialist', 3, NULL),
('CSI00031', 'Help Desk Operator', 1, NULL),
('CSI00032', 'Account Executive', 4, NULL),
('CSI00033', 'VP Accounting', 2, NULL),
('CSI00034', 'Geologist II', 4, NULL),
('CSI00035', 'Human Resources Manager', 2, NULL),
('CSI00036', 'Product Engineer', 2, NULL),
('CSI00037', 'Structural Analysis Engineer', 4, NULL),
('CSI00038', 'Environmental Tech', 1, NULL),
('CSI00039', 'Teacher', 3, NULL),
('CSI00040', 'Physical Therapy Assistant', 2, NULL),
('CSI00041', 'Structural Analysis Engineer', 2, NULL),
('CSI00042', 'Senior Cost Accountant', 3, NULL),
('CSI00043', 'Financial Advisor', 4, NULL),
('CSI00044', 'Senior Developer', 1, NULL),
('CSI00045', 'Business Systems Development Analyst', 2, NULL),
('CSI00046', 'Civil Engineer', 1, NULL),
('CSI00047', 'Paralegal', 1, NULL),
('CSI00048', 'VP Marketing', 3, NULL),
('CSI00049', 'Database Administrator IV', 4, NULL),
('CSI00050', 'Speech Pathologist', 2, NULL),
('CSI00051', 'Sales Representative', 4, NULL),
('CSI00052', 'Associate Professor', 3, NULL),
('CSI00053', 'Staff Accountant I', 3, NULL),
('CSI00054', 'Computer Systems Analyst II', 2, NULL),
('CSI00055', 'Geological Engineer', 2, NULL),
('CSI00056', 'Assistant Professor', 4, NULL),
('CSI00057', 'Research Assistant II', 1, NULL),
('CSI00058', 'Mechanical Systems Engineer', 3, NULL),
('CSI00059', 'Quality Engineer', 3, NULL),
('CSI00060', 'Administrative Officer', 3, NULL),
('CSI00061', 'VP Sales', 1, NULL),
('CSI00062', 'Professor', 2, NULL),
('CSI00063', 'Account Coordinator', 2, NULL),
('CSI00064', 'Systems Administrator I', 1, NULL),
('CSI00065', 'Web Designer I', 4, NULL),
('CSI00066', 'Accounting Assistant III', 3, NULL),
('CSI00067', 'VP Marketing', 4, NULL),
('CSI00068', 'Mechanical Systems Engineer', 3, NULL),
('CSI00069', 'Media Manager IV', 4, NULL),
('CSI00070', 'VP Accounting', 2, NULL),
('CSI00071', 'Graphic Designer', 1, NULL),
('CSI00072', 'Statistician IV', 3, NULL),
('CSI00073', 'Human Resources Manager', 3, NULL),
('CSI00074', 'Operator', 1, NULL),
('CSI00075', 'Senior Financial Analyst', 1, NULL),
('CSI00076', 'Health Coach I', 4, NULL),
('CSI00077', 'Developer III', 2, NULL),
('CSI00078', 'Project Manager', 1, NULL),
('CSI00079', 'Internal Auditor', 1, NULL),
('CSI00080', 'Database Administrator I', 1, NULL),
('CSI00081', 'Senior Cost Accountant', 4, NULL),
('CSI00082', 'VP Quality Control', 4, NULL),
('CSI00083', 'Quality Engineer', 2, NULL),
('CSI00084', 'Budget/Accounting Analyst IV', 4, NULL),
('CSI00085', 'Programmer II', 3, NULL),
('CSI00086', 'Geologist IV', 2, NULL),
('CSI00087', 'Payment Adjustment Coordinator', 3, NULL),
('CSI00088', 'Biostatistician IV', 2, NULL),
('CSI00089', 'Research Associate', 3, NULL),
('CSI00090', 'Budget/Accounting Analyst IV', 1, NULL),
('CSI00091', 'Help Desk Technician', 1, NULL),
('CSI00092', 'Programmer II', 1, NULL),
('CSI00093', 'Analog Circuit Design manager', 2, NULL),
('CSI00094', 'Programmer I', 4, NULL),
('CSI00095', 'Technical Writer', 1, NULL),
('CSI00096', 'Human Resources Assistant II', 2, NULL),
('CSI00097', 'Nuclear Power Engineer', 2, NULL),
('CSI00098', 'Programmer I', 4, NULL),
('CSI00099', 'Administrative Officer', 1, NULL),
('CSI00100', 'Budget/Accounting Analyst IV', 3, NULL),
('CSI00101', 'Engineer IV', 1, NULL),
('CSI00102', 'Software Consultant', 4, NULL),
('CSI00103', 'Tax Accountant', 3, NULL),
('CSI00104', 'Recruiter', 3, NULL),
('CSI00105', 'Programmer IV', 4, NULL),
('CSI00106', 'Quality Engineer', 4, NULL),
('CSI00107', 'Human Resources Manager', 4, NULL),
('CSI00108', 'Executive Secretary', 2, NULL),
('CSI00109', 'Analog Circuit Design manager', 4, NULL),
('CSI00110', 'Safety Technician III', 3, NULL),
('CSI00111', 'Professor', 1, NULL),
('CSI00112', 'Safety Technician I', 3, NULL),
('CSI00113', 'Assistant Media Planner', 4, NULL),
('CSI00114', 'Business Systems Development Analyst', 4, NULL),
('CSI00115', 'Programmer Analyst I', 3, NULL),
('CSI00116', 'Nuclear Power Engineer', 1, NULL),
('CSI00117', 'Junior Executive', 1, NULL),
('CSI00118', 'Web Designer II', 4, NULL),
('CSI00119', 'Director of Sales', 3, NULL),
('CSI00120', 'Chief Design Engineer', 1, NULL),
('CSI00121', 'Structural Engineer', 1, NULL),
('CSI00122', 'Product Engineer', 2, NULL),
('CSI00123', 'Quality Engineer', 2, NULL),
('CSI00124', 'Senior Sales Associate', 4, NULL),
('CSI00125', 'GIS Technical Architect', 1, NULL),
('CSI00126', 'Assistant Professor', 1, NULL),
('CSI00127', 'Engineer III', 4, NULL),
('CSI00128', 'Geologist III', 3, NULL),
('CSI00129', 'Administrative Officer', 1, NULL),
('CSI00130', 'Speech Pathologist', 3, NULL),
('CSI00131', 'Software Engineer II', 2, NULL),
('CSI00132', 'Data Coordiator', 2, NULL),
('CSI00133', 'VP Accounting', 2, NULL),
('CSI00134', 'Operator', 1, NULL),
('CSI00135', 'Nurse', 1, NULL),
('CSI00136', 'Office Assistant I', 1, NULL),
('CSI00137', 'Research Nurse', 3, NULL),
('CSI00138', 'Paralegal', 2, NULL),
('CSI00139', 'Safety Technician II', 4, NULL),
('CSI00140', 'Project Manager', 4, NULL),
('CSI00141', 'Speech Pathologist', 4, NULL),
('CSI00142', 'Analyst Programmer', 1, NULL),
('CSI00143', 'Administrative Assistant II', 1, NULL),
('CSI00144', 'Mechanical Systems Engineer', 3, NULL),
('CSI00145', 'Nurse Practicioner', 2, NULL),
('CSI00146', 'Assistant Manager', 1, NULL),
('CSI00147', 'Recruiting Manager', 2, NULL),
('CSI00148', 'Executive Secretary', 3, NULL),
('CSI00149', 'Compensation Analyst', 1, NULL),
('CSI00150', 'Software Consultant', 3, NULL),
('CSI00151', 'Quality Control Specialist', 1, NULL),
('CSI00152', 'Junior Executive', 2, NULL),
('CSI00153', 'Office Assistant III', 2, NULL),
('CSI00154', 'Accountant II', 2, NULL),
('CSI00155', 'VP Quality Control', 1, NULL),
('CSI00156', 'Software Engineer II', 1, NULL),
('CSI00157', 'Mechanical Systems Engineer', 1, NULL),
('CSI00158', 'Sales Associate', 2, NULL),
('CSI00159', 'Statistician I', 4, NULL),
('CSI00160', 'Senior Developer', 2, NULL),
('CSI00161', 'Recruiting Manager', 1, NULL),
('CSI00162', 'Budget/Accounting Analyst IV', 3, NULL),
('CSI00163', 'Actuary', 3, NULL),
('CSI00164', 'Research Associate', 1, NULL),
('CSI00165', 'Executive Secretary', 3, NULL),
('CSI00166', 'Quality Control Specialist', 2, NULL),
('CSI00167', 'VP Sales', 3, NULL),
('CSI00168', 'Senior Developer', 4, NULL),
('CSI00169', 'Nurse', 1, NULL),
('CSI00170', 'Sales Representative', 3, NULL),
('CSI00171', 'Technical Writer', 1, NULL),
('CSI00172', 'Research Associate', 1, NULL),
('CSI00173', 'VP Accounting', 3, NULL),
('CSI00174', 'Database Administrator III', 1, NULL),
('CSI00175', 'Associate Professor', 1, NULL),
('CSI00176', 'Research Nurse', 2, NULL),
('CSI00177', 'Quality Engineer', 4, NULL),
('CSI00178', 'Mechanical Systems Engineer', 1, NULL),
('CSI00179', 'Staff Accountant I', 2, NULL),
('CSI00180', 'Research Nurse', 3, NULL),
('CSI00181', 'Assistant Professor', 2, NULL),
('CSI00182', 'Programmer II', 1, NULL),
('CSI00183', 'Data Coordiator', 3, NULL),
('CSI00184', 'Dental Hygienist', 4, NULL),
('CSI00185', 'Structural Engineer', 4, NULL),
('CSI00186', 'Web Developer IV', 1, NULL),
('CSI00187', 'Sales Associate', 4, NULL),
('CSI00188', 'VP Marketing', 4, NULL),
('CSI00189', 'Help Desk Operator', 3, NULL),
('CSI00190', 'VP Marketing', 1, NULL),
('CSI00191', 'Senior Editor', 1, NULL),
('CSI00192', 'Database Administrator IV', 1, NULL),
('CSI00193', 'Software Test Engineer III', 2, NULL),
('CSI00194', 'Programmer IV', 1, NULL),
('CSI00195', 'Data Coordiator', 4, NULL),
('CSI00196', 'Recruiting Manager', 2, NULL),
('CSI00197', 'Web Developer III', 4, NULL),
('CSI00198', 'Assistant Manager', 3, NULL),
('CSI00199', 'Geological Engineer', 1, NULL),
('CSI00200', 'Media Manager III', 4, NULL),
('CSI00201', 'Legal Assistant', 1, NULL),
('CSI00202', 'Senior Sales Associate', 3, NULL),
('CSI00203', 'VP Sales', 4, NULL),
('CSI00204', 'Financial Analyst', 1, NULL),
('CSI00205', 'Research Assistant II', 4, NULL),
('CSI00206', 'Programmer I', 3, NULL),
('CSI00207', 'VP Sales', 4, NULL),
('CSI00208', 'Statistician II', 3, NULL),
('CSI00209', 'Safety Technician I', 1, NULL),
('CSI00210', 'Human Resources Manager', 4, NULL),
('CSI00211', 'Business Systems Development Analyst', 2, NULL),
('CSI00212', 'Quality Control Specialist', 1, NULL),
('CSI00213', 'Executive Secretary', 3, NULL),
('CSI00214', 'Design Engineer', 1, NULL),
('CSI00215', 'Structural Analysis Engineer', 4, NULL),
('CSI00216', 'VP Quality Control', 2, NULL),
('CSI00217', 'GIS Technical Architect', 3, NULL),
('CSI00218', 'Electrical Engineer', 1, NULL),
('CSI00219', 'Payment Adjustment Coordinator', 1, NULL),
('CSI00220', 'Librarian', 2, NULL),
('CSI00221', 'Librarian', 1, NULL),
('CSI00222', 'Media Manager I', 4, NULL),
('CSI00223', 'Safety Technician II', 4, NULL),
('CSI00224', 'VP Accounting', 4, NULL),
('CSI00225', 'Information Systems Manager', 1, NULL),
('CSI00226', 'Chemical Engineer', 4, NULL),
('CSI00227', 'Speech Pathologist', 2, NULL),
('CSI00228', 'Pharmacist', 4, NULL),
('CSI00229', 'Computer Systems Analyst II', 1, NULL),
('CSI00230', 'Operator', 2, NULL),
('CSI00231', 'Senior Sales Associate', 2, NULL),
('CSI00232', 'Executive Secretary', 1, NULL),
('CSI00233', 'Editor', 3, NULL),
('CSI00234', 'Software Consultant', 1, NULL),
('CSI00235', 'VP Sales', 1, NULL),
('CSI00236', 'Actuary', 3, NULL),
('CSI00237', 'Database Administrator III', 2, NULL),
('CSI00238', 'Chemical Engineer', 1, NULL),
('CSI00239', 'Nuclear Power Engineer', 1, NULL),
('CSI00240', 'Quality Engineer', 3, NULL),
('CSI00241', 'Account Coordinator', 3, NULL),
('CSI00242', 'Quality Engineer', 4, NULL),
('CSI00243', 'Design Engineer', 1, NULL),
('CSI00244', 'Web Developer I', 3, NULL),
('CSI00245', 'Computer Systems Analyst I', 4, NULL),
('CSI00246', 'Pharmacist', 2, NULL),
('CSI00247', 'Web Developer I', 2, NULL),
('CSI00248', 'Web Developer IV', 1, NULL),
('CSI00249', 'Tax Accountant', 4, NULL),
('CSI00250', 'Executive Secretary', 2, NULL),
('CSI00251', 'VP Product Management', 4, NULL),
('CSI00252', 'Chief Design Engineer', 3, NULL),
('CSI00253', 'Research Associate', 1, NULL),
('CSI00254', 'Editor', 3, NULL),
('CSI00255', 'Community Outreach Specialist', 3, NULL),
('CSI00256', 'Internal Auditor', 3, NULL),
('CSI00257', 'Clinical Specialist', 2, NULL),
('CSI00258', 'Senior Editor', 3, NULL),
('CSI00259', 'Assistant Professor', 3, NULL),
('CSI00260', 'Recruiter', 3, NULL),
('CSI00261', 'Senior Editor', 3, NULL),
('CSI00262', 'Administrative Assistant III', 3, NULL),
('CSI00263', 'Payment Adjustment Coordinator', 1, NULL),
('CSI00264', 'Editor', 2, NULL),
('CSI00265', 'Actuary', 3, NULL),
('CSI00266', 'Computer Systems Analyst IV', 3, NULL),
('CSI00267', 'Sales Associate', 1, NULL),
('CSI00268', 'Marketing Assistant', 3, NULL),
('CSI00269', 'Biostatistician III', 2, NULL),
('CSI00270', 'Web Developer II', 4, NULL),
('CSI00271', 'Compensation Analyst', 3, NULL),
('CSI00272', 'Statistician III', 2, NULL),
('CSI00273', 'Sales Representative', 3, NULL),
('CSI00274', 'Assistant Media Planner', 2, NULL),
('CSI00275', 'Computer Systems Analyst III', 4, NULL),
('CSI00276', 'Community Outreach Specialist', 1, NULL),
('CSI00277', 'Mechanical Systems Engineer', 4, NULL),
('CSI00278', 'Web Designer IV', 3, NULL),
('CSI00279', 'Director of Sales', 1, NULL),
('CSI00280', 'Geological Engineer', 3, NULL),
('CSI00281', 'Librarian', 1, NULL),
('CSI00282', 'Environmental Specialist', 3, NULL),
('CSI00283', 'Pharmacist', 4, NULL),
('CSI00284', 'Staff Accountant II', 3, NULL),
('CSI00285', 'VP Accounting', 2, NULL),
('CSI00286', 'Human Resources Assistant I', 1, NULL),
('CSI00287', 'Senior Financial Analyst', 1, NULL),
('CSI00288', 'Occupational Therapist', 3, NULL),
('CSI00289', 'Media Manager I', 2, NULL),
('CSI00290', 'Design Engineer', 1, NULL),
('CSI00291', 'Budget/Accounting Analyst I', 1, NULL),
('CSI00292', 'Accounting Assistant III', 4, NULL),
('CSI00293', 'VP Quality Control', 3, NULL),
('CSI00294', 'Legal Assistant', 3, NULL),
('CSI00295', 'Developer IV', 2, NULL),
('CSI00296', 'Software Test Engineer I', 4, NULL),
('CSI00297', 'Assistant Manager', 3, NULL),
('CSI00298', 'Biostatistician I', 1, NULL),
('CSI00299', 'Technical Writer', 3, NULL),
('CSI00300', 'Geological Engineer', 1, NULL),
('CSI00301', 'Geologist II', 1, NULL),
('CSI00302', 'Budget/Accounting Analyst II', 4, NULL),
('CSI00303', 'Electrical Engineer', 1, NULL),
('CSI00304', 'Research Nurse', 1, NULL),
('CSI00305', 'Programmer III', 1, NULL),
('CSI00306', 'Food Chemist', 3, NULL),
('CSI00307', 'Senior Sales Associate', 2, NULL),
('CSI00308', 'Analyst Programmer', 3, NULL),
('CSI00309', 'Programmer Analyst IV', 1, NULL),
('CSI00310', 'Clinical Specialist', 4, NULL),
('CSI00311', 'Information Systems Manager', 1, NULL),
('CSI00312', 'Nuclear Power Engineer', 2, NULL),
('CSI00313', 'GIS Technical Architect', 4, NULL),
('CSI00314', 'Software Consultant', 3, NULL),
('CSI00315', 'Business Systems Development Analyst', 2, NULL),
('CSI00316', 'Executive Secretary', 2, NULL),
('CSI00317', 'Design Engineer', 1, NULL),
('CSI00318', 'Marketing Manager', 2, NULL),
('CSI00319', 'Electrical Engineer', 4, NULL),
('CSI00320', 'Database Administrator I', 4, NULL),
('CSI00321', 'Senior Developer', 3, NULL),
('CSI00322', 'Product Engineer', 1, NULL),
('CSI00323', 'Executive Secretary', 2, NULL),
('CSI00324', 'Business Systems Development Analyst', 2, NULL),
('CSI00325', 'Product Engineer', 3, NULL),
('CSI00326', 'Media Manager III', 1, NULL),
('CSI00327', 'Administrative Assistant IV', 2, NULL),
('CSI00328', 'Nurse', 4, NULL),
('CSI00329', 'Technical Writer', 4, NULL),
('CSI00330', 'General Manager', 1, NULL),
('CSI00331', 'Quality Engineer', 2, NULL),
('CSI00332', 'Staff Accountant IV', 1, NULL),
('CSI00333', 'Recruiter', 3, NULL),
('CSI00334', 'Data Coordiator', 1, NULL),
('CSI00335', 'Research Assistant I', 4, NULL),
('CSI00336', 'Assistant Professor', 1, NULL),
('CSI00337', 'General Manager', 4, NULL),
('CSI00338', 'Pharmacist', 2, NULL),
('CSI00339', 'Design Engineer', 2, NULL),
('CSI00340', 'Operator', 2, NULL),
('CSI00341', 'Analog Circuit Design manager', 3, NULL),
('CSI00342', 'Payment Adjustment Coordinator', 3, NULL),
('CSI00343', 'Administrative Officer', 1, NULL),
('CSI00344', 'Operator', 1, NULL),
('CSI00345', 'Research Assistant I', 2, NULL),
('CSI00346', 'Senior Quality Engineer', 4, NULL),
('CSI00347', 'Senior Sales Associate', 2, NULL),
('CSI00348', 'VP Quality Control', 1, NULL),
('CSI00349', 'Product Engineer', 1, NULL),
('CSI00350', 'Human Resources Assistant III', 3, NULL),
('CSI00351', 'Nuclear Power Engineer', 2, NULL),
('CSI00352', 'Desktop Support Technician', 4, NULL),
('CSI00353', 'Environmental Tech', 2, NULL),
('CSI00354', 'Systems Administrator II', 1, NULL),
('CSI00355', 'Marketing Assistant', 1, NULL),
('CSI00356', 'Geological Engineer', 2, NULL),
('CSI00357', 'Professor', 2, NULL),
('CSI00358', 'Legal Assistant', 3, NULL),
('CSI00359', 'Office Assistant I', 4, NULL),
('CSI00360', 'Clinical Specialist', 3, NULL),
('CSI00361', 'Sales Representative', 3, NULL),
('CSI00362', 'Financial Advisor', 2, NULL),
('CSI00363', 'Director of Sales', 2, NULL),
('CSI00364', 'Recruiting Manager', 4, NULL),
('CSI00365', 'Environmental Specialist', 2, NULL),
('CSI00366', 'Safety Technician III', 3, NULL),
('CSI00367', 'Payment Adjustment Coordinator', 1, NULL),
('CSI00368', 'VP Sales', 3, NULL),
('CSI00369', 'Human Resources Assistant IV', 1, NULL),
('CSI00370', 'VP Sales', 1, NULL),
('CSI00371', 'Payment Adjustment Coordinator', 4, NULL),
('CSI00372', 'Human Resources Manager', 1, NULL),
('CSI00373', 'Physical Therapy Assistant', 4, NULL),
('CSI00374', 'Chemical Engineer', 1, NULL),
('CSI00375', 'Administrative Assistant I', 2, NULL),
('CSI00376', 'Recruiter', 2, NULL),
('CSI00377', 'Statistician II', 1, NULL),
('CSI00378', 'GIS Technical Architect', 4, NULL),
('CSI00379', 'Physical Therapy Assistant', 4, NULL),
('CSI00380', 'VP Sales', 2, NULL),
('CSI00381', 'Accounting Assistant II', 1, NULL),
('CSI00382', 'Statistician IV', 1, NULL),
('CSI00383', 'Professor', 4, NULL),
('CSI00384', 'Registered Nurse', 2, NULL),
('CSI00385', 'Marketing Assistant', 3, NULL),
('CSI00386', 'Social Worker', 2, NULL),
('CSI00387', 'Professor', 4, NULL),
('CSI00388', 'Help Desk Operator', 2, NULL),
('CSI00389', 'Research Associate', 4, NULL),
('CSI00390', 'Software Consultant', 1, NULL),
('CSI00391', 'Paralegal', 4, NULL),
('CSI00392', 'Accountant III', 4, NULL),
('CSI00393', 'Senior Quality Engineer', 1, NULL),
('CSI00394', 'Human Resources Assistant II', 2, NULL),
('CSI00395', 'Social Worker', 4, NULL),
('CSI00396', 'VP Accounting', 2, NULL),
('CSI00397', 'Nurse Practicioner', 4, NULL),
('CSI00398', 'General Manager', 4, NULL),
('CSI00399', 'Programmer Analyst I', 4, NULL),
('CSI00400', 'Tax Accountant', 1, NULL),
('CSI00401', 'Automation Specialist III', 2, NULL),
('CSI00402', 'Research Assistant I', 4, NULL),
('CSI00403', 'GIS Technical Architect', 3, NULL),
('CSI00404', 'Media Manager III', 2, NULL),
('CSI00405', 'Food Chemist', 1, NULL),
('CSI00406', 'Senior Sales Associate', 3, NULL),
('CSI00407', 'Information Systems Manager', 3, NULL),
('CSI00408', 'Recruiting Manager', 3, NULL),
('CSI00409', 'Senior Cost Accountant', 4, NULL),
('CSI00410', 'Recruiting Manager', 4, NULL),
('CSI00411', 'Quality Engineer', 2, NULL),
('CSI00412', 'Administrative Officer', 1, NULL),
('CSI00413', 'Information Systems Manager', 3, NULL),
('CSI00414', 'Programmer Analyst IV', 2, NULL),
('CSI00415', 'Nuclear Power Engineer', 2, NULL),
('CSI00416', 'Graphic Designer', 4, NULL),
('CSI00417', 'Biostatistician II', 3, NULL),
('CSI00418', 'Pharmacist', 1, NULL),
('CSI00419', 'Financial Analyst', 1, NULL),
('CSI00420', 'Programmer I', 1, NULL),
('CSI00421', 'Technical Writer', 4, NULL),
('CSI00422', 'Systems Administrator IV', 4, NULL),
('CSI00423', 'Civil Engineer', 4, NULL),
('CSI00424', 'Computer Systems Analyst I', 1, NULL),
('CSI00425', 'Staff Accountant II', 2, NULL),
('CSI00426', 'Nurse', 2, NULL),
('CSI00427', 'Geologist II', 1, NULL),
('CSI00428', 'Help Desk Operator', 4, NULL),
('CSI00429', 'Sales Representative', 1, NULL),
('CSI00430', 'VP Product Management', 1, NULL),
('CSI00431', 'Civil Engineer', 2, NULL),
('CSI00432', 'Account Representative IV', 4, NULL),
('CSI00433', 'Social Worker', 3, NULL),
('CSI00434', 'VP Accounting', 1, NULL),
('CSI00435', 'Assistant Professor', 4, NULL),
('CSI00436', 'Structural Analysis Engineer', 2, NULL),
('CSI00437', 'Tax Accountant', 2, NULL),
('CSI00438', 'Operator', 2, NULL),
('CSI00439', 'VP Accounting', 1, NULL),
('CSI00440', 'Account Representative I', 4, NULL),
('CSI00441', 'Chief Design Engineer', 2, NULL),
('CSI00442', 'General Manager', 3, NULL),
('CSI00443', 'Safety Technician II', 4, NULL),
('CSI00444', 'Systems Administrator III', 2, NULL),
('CSI00445', 'Graphic Designer', 2, NULL),
('CSI00446', 'Budget/Accounting Analyst I', 2, NULL),
('CSI00447', 'Account Coordinator', 2, NULL),
('CSI00448', 'Physical Therapy Assistant', 4, NULL),
('CSI00449', 'Nuclear Power Engineer', 3, NULL),
('CSI00450', 'Dental Hygienist', 3, NULL),
('CSI00451', 'Accounting Assistant I', 2, NULL),
('CSI00452', 'Research Assistant III', 2, NULL),
('CSI00453', 'Environmental Tech', 2, NULL),
('CSI00454', 'Executive Secretary', 2, NULL),
('CSI00455', 'Tax Accountant', 1, NULL),
('CSI00456', 'Account Executive', 2, NULL),
('CSI00457', 'Compensation Analyst', 1, NULL),
('CSI00458', 'Speech Pathologist', 2, NULL),
('CSI00459', 'Automation Specialist II', 4, NULL),
('CSI00460', 'Biostatistician I', 4, NULL),
('CSI00461', 'Food Chemist', 3, NULL),
('CSI00462', 'Account Representative II', 3, NULL),
('CSI00463', 'Senior Cost Accountant', 3, NULL),
('CSI00464', 'Analyst Programmer', 2, NULL),
('CSI00465', 'Recruiter', 4, NULL),
('CSI00466', 'Research Associate', 1, NULL),
('CSI00467', 'Financial Analyst', 2, NULL),
('CSI00468', 'Structural Analysis Engineer', 3, NULL),
('CSI00469', 'Budget/Accounting Analyst I', 2, NULL),
('CSI00470', 'General Manager', 1, NULL),
('CSI00471', 'Community Outreach Specialist', 1, NULL),
('CSI00472', 'Director of Sales', 1, NULL),
('CSI00473', 'Librarian', 2, NULL),
('CSI00474', 'Senior Sales Associate', 2, NULL),
('CSI00475', 'Quality Engineer', 2, NULL),
('CSI00476', 'Assistant Manager', 2, NULL),
('CSI00477', 'Help Desk Technician', 3, NULL),
('CSI00478', 'Administrative Assistant IV', 1, NULL),
('CSI00479', 'Quality Control Specialist', 3, NULL),
('CSI00480', 'Environmental Specialist', 3, NULL),
('CSI00481', 'Project Manager', 3, NULL),
('CSI00482', 'Software Engineer III', 4, NULL),
('CSI00483', 'Account Coordinator', 2, NULL),
('CSI00484', 'Civil Engineer', 3, NULL),
('CSI00485', 'General Manager', 1, NULL),
('CSI00486', 'Accountant IV', 3, NULL),
('CSI00487', 'Software Engineer II', 3, NULL),
('CSI00488', 'Graphic Designer', 3, NULL),
('CSI00489', 'VP Marketing', 4, NULL),
('CSI00490', 'Software Consultant', 2, NULL),
('CSI00491', 'Librarian', 1, NULL),
('CSI00492', 'Environmental Tech', 2, NULL),
('CSI00493', 'VP Quality Control', 2, NULL),
('CSI00494', 'Sales Associate', 4, NULL),
('CSI00495', 'VP Marketing', 2, NULL),
('CSI00496', 'Product Engineer', 2, NULL),
('CSI00497', 'VP Marketing', 4, NULL),
('CSI00498', 'Accounting Assistant II', 2, NULL),
('CSI00499', 'Assistant Media Planner', 3, NULL),
('CSI00500', 'Web Designer I', 1, NULL),
('CSI00501', 'Teacher', 3, NULL),
('CSI00502', 'Civil Engineer', 2, NULL),
('CSI00503', 'Research Assistant I', 2, NULL),
('CSI00504', 'Sales Representative', 1, NULL),
('CSI00505', 'Librarian', 4, NULL),
('CSI00506', 'Marketing Assistant', 2, NULL),
('CSI00507', 'Computer Systems Analyst IV', 1, NULL),
('CSI00508', 'Help Desk Technician', 4, NULL),
('CSI00509', 'General Manager', 2, NULL),
('CSI00510', 'Statistician III', 3, NULL),
('CSI00511', 'Web Developer III', 3, NULL),
('CSI00512', 'Executive Secretary', 4, NULL),
('CSI00513', 'Assistant Professor', 4, NULL),
('CSI00514', 'Registered Nurse', 2, NULL),
('CSI00515', 'Financial Analyst', 1, NULL),
('CSI00516', 'VP Accounting', 2, NULL),
('CSI00517', 'Assistant Media Planner', 4, NULL),
('CSI00518', 'Biostatistician III', 2, NULL),
('CSI00519', 'Business Systems Development Analyst', 4, NULL),
('CSI00520', 'Senior Sales Associate', 4, NULL),
('CSI00521', 'Safety Technician II', 4, NULL),
('CSI00522', 'Paralegal', 2, NULL),
('CSI00523', 'Geologist II', 3, NULL),
('CSI00524', 'Sales Representative', 1, NULL),
('CSI00525', 'Software Consultant', 2, NULL),
('CSI00526', 'Senior Financial Analyst', 2, NULL),
('CSI00527', 'Office Assistant III', 3, NULL),
('CSI00528', 'Associate Professor', 4, NULL),
('CSI00529', 'Pharmacist', 4, NULL),
('CSI00530', 'Help Desk Technician', 3, NULL),
('CSI00531', 'Business Systems Development Analyst', 1, NULL),
('CSI00532', 'Quality Control Specialist', 3, NULL),
('CSI00533', 'Assistant Professor', 4, NULL),
('CSI00534', 'Environmental Tech', 4, NULL),
('CSI00535', 'Actuary', 1, NULL),
('CSI00536', 'General Manager', 2, NULL),
('CSI00537', 'Geologist I', 2, NULL),
('CSI00538', 'Account Executive', 2, NULL),
('CSI00539', 'Payment Adjustment Coordinator', 3, NULL),
('CSI00540', 'Marketing Manager', 4, NULL),
('CSI00541', 'Research Associate', 1, NULL),
('CSI00542', 'Associate Professor', 1, NULL),
('CSI00543', 'Social Worker', 4, NULL),
('CSI00544', 'Marketing Assistant', 4, NULL),
('CSI00545', 'Software Test Engineer II', 2, NULL),
('CSI00546', 'Librarian', 3, NULL),
('CSI00547', 'Account Representative IV', 1, NULL),
('CSI00548', 'Civil Engineer', 1, NULL),
('CSI00549', 'Media Manager III', 3, NULL),
('CSI00550', 'Information Systems Manager', 4, NULL),
('CSI00551', 'Media Manager III', 3, NULL),
('CSI00552', 'Automation Specialist II', 3, NULL),
('CSI00553', 'Director of Sales', 3, NULL),
('CSI00554', 'Food Chemist', 1, NULL),
('CSI00555', 'Assistant Manager', 1, NULL),
('CSI00556', 'Help Desk Technician', 1, NULL),
('CSI00557', 'Paralegal', 2, NULL),
('CSI00558', 'Research Associate', 2, NULL),
('CSI00559', 'Administrative Assistant III', 1, NULL),
('CSI00560', 'Business Systems Development Analyst', 1, NULL),
('CSI00561', 'Staff Accountant IV', 1, NULL),
('CSI00562', 'Dental Hygienist', 1, NULL),
('CSI00563', 'GIS Technical Architect', 2, NULL),
('CSI00564', 'VP Product Management', 3, NULL),
('CSI00565', 'Senior Cost Accountant', 2, NULL),
('CSI00566', 'Data Coordiator', 2, NULL),
('CSI00567', 'Associate Professor', 1, NULL),
('CSI00568', 'Social Worker', 4, NULL),
('CSI00569', 'Assistant Media Planner', 2, NULL),
('CSI00570', 'VP Sales', 4, NULL),
('CSI00571', 'Budget/Accounting Analyst II', 1, NULL),
('CSI00572', 'Human Resources Assistant II', 4, NULL),
('CSI00573', 'Computer Systems Analyst IV', 1, NULL),
('CSI00574', 'Desktop Support Technician', 4, NULL),
('CSI00575', 'Design Engineer', 4, NULL),
('CSI00576', 'Quality Engineer', 3, NULL),
('CSI00577', 'Recruiter', 3, NULL),
('CSI00578', 'Assistant Media Planner', 4, NULL),
('CSI00579', 'Assistant Media Planner', 4, NULL),
('CSI00580', 'Physical Therapy Assistant', 3, NULL),
('CSI00581', 'Media Manager III', 1, NULL),
('CSI00582', 'Web Developer I', 4, NULL),
('CSI00583', 'Librarian', 4, NULL),
('CSI00584', 'Research Nurse', 2, NULL),
('CSI00585', 'Cost Accountant', 1, NULL),
('CSI00586', 'Research Associate', 2, NULL),
('CSI00587', 'Analyst Programmer', 4, NULL),
('CSI00588', 'Chief Design Engineer', 3, NULL),
('CSI00589', 'Food Chemist', 4, NULL),
('CSI00590', 'Human Resources Assistant IV', 3, NULL),
('CSI00591', 'Web Designer II', 4, NULL),
('CSI00592', 'Research Associate', 1, NULL),
('CSI00593', 'Senior Developer', 2, NULL),
('CSI00594', 'Research Associate', 2, NULL),
('CSI00595', 'Environmental Specialist', 3, NULL),
('CSI00596', 'Computer Systems Analyst III', 2, NULL),
('CSI00597', 'Executive Secretary', 2, NULL),
('CSI00598', 'Account Coordinator', 2, NULL),
('CSI00599', 'Speech Pathologist', 4, NULL),
('CSI00600', 'Actuary', 3, NULL),
('CSI00601', 'Desktop Support Technician', 3, NULL),
('CSI00602', 'Senior Financial Analyst', 2, NULL),
('CSI00603', 'Biostatistician IV', 3, NULL),
('CSI00604', 'Senior Quality Engineer', 3, NULL),
('CSI00605', 'Help Desk Technician', 3, NULL),
('CSI00606', 'Recruiter', 4, NULL),
('CSI00607', 'Staff Accountant III', 1, NULL),
('CSI00608', 'Assistant Media Planner', 2, NULL),
('CSI00609', 'Professor', 2, NULL),
('CSI00610', 'Senior Sales Associate', 3, NULL),
('CSI00611', 'Biostatistician III', 2, NULL),
('CSI00612', 'Teacher', 3, NULL),
('CSI00613', 'Payment Adjustment Coordinator', 2, NULL),
('CSI00614', 'Information Systems Manager', 2, NULL),
('CSI00615', 'Senior Cost Accountant', 4, NULL),
('CSI00616', 'VP Marketing', 4, NULL),
('CSI00617', 'Structural Engineer', 4, NULL),
('CSI00618', 'Speech Pathologist', 3, NULL),
('CSI00619', 'General Manager', 1, NULL),
('CSI00620', 'Operator', 4, NULL),
('CSI00621', 'Environmental Specialist', 1, NULL),
('CSI00622', 'GIS Technical Architect', 4, NULL),
('CSI00623', 'Staff Accountant III', 2, NULL),
('CSI00624', 'Senior Editor', 2, NULL),
('CSI00625', 'Administrative Officer', 1, NULL),
('CSI00626', 'Sales Representative', 1, NULL),
('CSI00627', 'Information Systems Manager', 2, NULL),
('CSI00628', 'VP Product Management', 3, NULL),
('CSI00629', 'Automation Specialist II', 4, NULL),
('CSI00630', 'Senior Cost Accountant', 1, NULL),
('CSI00631', 'Dental Hygienist', 3, NULL),
('CSI00632', 'Social Worker', 3, NULL),
('CSI00633', 'Account Coordinator', 3, NULL),
('CSI00634', 'VP Product Management', 1, NULL),
('CSI00635', 'Food Chemist', 1, NULL),
('CSI00636', 'Cost Accountant', 3, NULL),
('CSI00637', 'Staff Scientist', 2, NULL),
('CSI00638', 'Nurse', 2, NULL),
('CSI00639', 'Executive Secretary', 4, NULL),
('CSI00640', 'Database Administrator II', 2, NULL),
('CSI00641', 'Environmental Tech', 1, NULL),
('CSI00642', 'Account Representative II', 4, NULL),
('CSI00643', 'Food Chemist', 2, NULL),
('CSI00644', 'Chief Design Engineer', 4, NULL),
('CSI00645', 'VP Quality Control', 4, NULL),
('CSI00646', 'Speech Pathologist', 1, NULL),
('CSI00647', 'Actuary', 3, NULL),
('CSI00648', 'Civil Engineer', 4, NULL),
('CSI00649', 'Clinical Specialist', 1, NULL),
('CSI00650', 'Payment Adjustment Coordinator', 4, NULL),
('CSI00651', 'Desktop Support Technician', 4, NULL),
('CSI00652', 'Food Chemist', 2, NULL),
('CSI00653', 'Project Manager', 1, NULL),
('CSI00654', 'Geological Engineer', 1, NULL),
('CSI00655', 'Programmer I', 2, NULL),
('CSI00656', 'Statistician II', 3, NULL),
('CSI00657', 'Senior Cost Accountant', 2, NULL),
('CSI00658', 'Statistician IV', 3, NULL),
('CSI00659', 'Desktop Support Technician', 3, NULL),
('CSI00660', 'Accounting Assistant II', 4, NULL),
('CSI00661', 'Nurse Practicioner', 1, NULL),
('CSI00662', 'Office Assistant II', 2, NULL),
('CSI00663', 'Research Associate', 2, NULL),
('CSI00664', 'Quality Engineer', 4, NULL),
('CSI00665', 'Analyst Programmer', 3, NULL),
('CSI00666', 'Information Systems Manager', 2, NULL),
('CSI00667', 'Software Engineer I', 2, NULL),
('CSI00668', 'Web Developer I', 1, NULL),
('CSI00669', 'Senior Editor', 2, NULL),
('CSI00670', 'Social Worker', 1, NULL),
('CSI00671', 'Marketing Manager', 3, NULL),
('CSI00672', 'Electrical Engineer', 1, NULL),
('CSI00673', 'Professor', 3, NULL),
('CSI00674', 'Developer IV', 4, NULL),
('CSI00675', 'Electrical Engineer', 1, NULL),
('CSI00676', 'General Manager', 1, NULL),
('CSI00677', 'Accountant I', 4, NULL),
('CSI00678', 'Nurse', 3, NULL),
('CSI00679', 'Civil Engineer', 3, NULL),
('CSI00680', 'Administrative Officer', 1, NULL),
('CSI00681', 'Engineer II', 3, NULL),
('CSI00682', 'Software Consultant', 4, NULL),
('CSI00683', 'VP Quality Control', 2, NULL),
('CSI00684', 'Compensation Analyst', 3, NULL),
('CSI00685', 'Accountant I', 2, NULL),
('CSI00686', 'Biostatistician II', 3, NULL),
('CSI00687', 'Budget/Accounting Analyst II', 3, NULL),
('CSI00688', 'Director of Sales', 1, NULL),
('CSI00689', 'Social Worker', 1, NULL),
('CSI00690', 'Senior Editor', 4, NULL),
('CSI00691', 'Project Manager', 1, NULL),
('CSI00692', 'Desktop Support Technician', 4, NULL),
('CSI00693', 'Internal Auditor', 3, NULL),
('CSI00694', 'Chemical Engineer', 3, NULL),
('CSI00695', 'Product Engineer', 3, NULL),
('CSI00696', 'Marketing Assistant', 1, NULL),
('CSI00697', 'Associate Professor', 3, NULL),
('CSI00698', 'Database Administrator IV', 4, NULL),
('CSI00699', 'Occupational Therapist', 3, NULL),
('CSI00700', 'Assistant Media Planner', 3, NULL),
('CSI00701', 'Help Desk Operator', 4, NULL),
('CSI00702', 'Director of Sales', 4, NULL),
('CSI00703', 'Account Coordinator', 1, NULL),
('CSI00704', 'Staff Accountant IV', 2, NULL),
('CSI00705', 'Marketing Assistant', 4, NULL),
('CSI00706', 'Operator', 1, NULL),
('CSI00707', 'Account Executive', 2, NULL),
('CSI00708', 'Senior Cost Accountant', 2, NULL),
('CSI00709', 'Cost Accountant', 3, NULL),
('CSI00710', 'Media Manager I', 1, NULL),
('CSI00711', 'Operator', 1, NULL),
('CSI00712', 'Occupational Therapist', 3, NULL),
('CSI00713', 'Accounting Assistant IV', 1, NULL),
('CSI00714', 'Software Consultant', 1, NULL),
('CSI00715', 'Financial Advisor', 1, NULL),
('CSI00716', 'VP Quality Control', 2, NULL),
('CSI00717', 'Office Assistant IV', 3, NULL),
('CSI00718', 'Sales Associate', 3, NULL),
('CSI00719', 'Human Resources Manager', 1, NULL),
('CSI00720', 'Computer Systems Analyst I', 2, NULL),
('CSI00721', 'Account Executive', 2, NULL),
('CSI00722', 'Marketing Manager', 1, NULL),
('CSI00723', 'Health Coach IV', 4, NULL),
('CSI00724', 'Electrical Engineer', 3, NULL),
('CSI00725', 'Structural Engineer', 3, NULL),
('CSI00726', 'Electrical Engineer', 2, NULL),
('CSI00727', 'Database Administrator I', 1, NULL),
('CSI00728', 'Biostatistician IV', 4, NULL),
('CSI00729', 'Office Assistant IV', 1, NULL),
('CSI00730', 'Safety Technician II', 3, NULL),
('CSI00731', 'Graphic Designer', 1, NULL),
('CSI00732', 'Quality Control Specialist', 2, NULL),
('CSI00733', 'Assistant Professor', 4, NULL),
('CSI00734', 'Community Outreach Specialist', 3, NULL),
('CSI00735', 'Dental Hygienist', 1, NULL),
('CSI00736', 'Assistant Manager', 2, NULL),
('CSI00737', 'Desktop Support Technician', 1, NULL),
('CSI00738', 'Project Manager', 2, NULL),
('CSI00739', 'Data Coordiator', 1, NULL),
('CSI00740', 'Senior Financial Analyst', 4, NULL),
('CSI00741', 'Software Test Engineer III', 3, NULL),
('CSI00742', 'Senior Financial Analyst', 2, NULL),
('CSI00743', 'Systems Administrator I', 2, NULL),
('CSI00744', 'Marketing Manager', 1, NULL),
('CSI00745', 'Health Coach IV', 1, NULL),
('CSI00746', 'Quality Engineer', 2, NULL),
('CSI00747', 'Civil Engineer', 2, NULL),
('CSI00748', 'Senior Editor', 2, NULL),
('CSI00749', 'Assistant Manager', 1, NULL),
('CSI00750', 'Marketing Manager', 2, NULL),
('CSI00751', 'Compensation Analyst', 4, NULL),
('CSI00752', 'Environmental Specialist', 2, NULL),
('CSI00753', 'Senior Cost Accountant', 4, NULL),
('CSI00754', 'Senior Editor', 4, NULL),
('CSI00755', 'Analyst Programmer', 3, NULL),
('CSI00756', 'Statistician III', 1, NULL),
('CSI00757', 'Recruiter', 2, NULL),
('CSI00758', 'Financial Analyst', 3, NULL),
('CSI00759', 'Structural Engineer', 1, NULL),
('CSI00760', 'Systems Administrator II', 3, NULL),
('CSI00761', 'VP Accounting', 3, NULL),
('CSI00762', 'Research Associate', 1, NULL),
('CSI00763', 'Help Desk Technician', 3, NULL),
('CSI00764', 'Recruiting Manager', 1, NULL),
('CSI00765', 'Accounting Assistant II', 2, NULL),
('CSI00766', 'Quality Control Specialist', 2, NULL),
('CSI00767', 'Assistant Media Planner', 2, NULL),
('CSI00768', 'Marketing Manager', 3, NULL),
('CSI00769', 'Help Desk Operator', 3, NULL),
('CSI00770', 'Geological Engineer', 3, NULL),
('CSI00771', 'Programmer Analyst I', 1, NULL),
('CSI00772', 'Budget/Accounting Analyst IV', 1, NULL),
('CSI00773', 'Assistant Manager', 4, NULL),
('CSI00774', 'General Manager', 2, NULL),
('CSI00775', 'Geologist I', 1, NULL),
('CSI00776', 'Product Engineer', 4, NULL),
('CSI00777', 'Staff Accountant I', 2, NULL),
('CSI00778', 'Systems Administrator I', 4, NULL),
('CSI00779', 'Systems Administrator IV', 4, NULL),
('CSI00780', 'Programmer Analyst I', 2, NULL),
('CSI00781', 'Senior Sales Associate', 4, NULL),
('CSI00782', 'Human Resources Assistant III', 2, NULL),
('CSI00783', 'Business Systems Development Analyst', 1, NULL),
('CSI00784', 'Project Manager', 2, NULL),
('CSI00785', 'Engineer III', 2, NULL),
('CSI00786', 'Staff Scientist', 2, NULL),
('CSI00787', 'Compensation Analyst', 3, NULL),
('CSI00788', 'Software Engineer IV', 4, NULL),
('CSI00789', 'Chief Design Engineer', 2, NULL),
('CSI00790', 'Human Resources Manager', 4, NULL),
('CSI00791', 'Operator', 1, NULL),
('CSI00792', 'Business Systems Development Analyst', 3, NULL),
('CSI00793', 'Media Manager IV', 4, NULL),
('CSI00794', 'Analyst Programmer', 4, NULL),
('CSI00795', 'Analyst Programmer', 1, NULL),
('CSI00796', 'Budget/Accounting Analyst II', 3, NULL),
('CSI00797', 'Associate Professor', 4, NULL),
('CSI00798', 'Assistant Media Planner', 1, NULL),
('CSI00799', 'Assistant Manager', 3, NULL),
('CSI00800', 'Senior Developer', 1, NULL),
('CSI00801', 'Marketing Manager', 1, NULL),
('CSI00802', 'Web Designer IV', 4, NULL),
('CSI00803', 'Data Coordiator', 3, NULL),
('CSI00804', 'Technical Writer', 3, NULL),
('CSI00805', 'Physical Therapy Assistant', 1, NULL),
('CSI00806', 'Registered Nurse', 3, NULL),
('CSI00807', 'Analog Circuit Design manager', 3, NULL),
('CSI00808', 'Assistant Media Planner', 2, NULL),
('CSI00809', 'Speech Pathologist', 4, NULL),
('CSI00810', 'Technical Writer', 3, NULL),
('CSI00811', 'Project Manager', 1, NULL),
('CSI00812', 'Accountant II', 3, NULL),
('CSI00813', 'Media Manager IV', 4, NULL),
('CSI00814', 'Registered Nurse', 4, NULL),
('CSI00815', 'Teacher', 3, NULL),
('CSI00816', 'Health Coach I', 3, NULL),
('CSI00817', 'Marketing Manager', 2, NULL),
('CSI00818', 'Speech Pathologist', 3, NULL),
('CSI00819', 'Database Administrator III', 1, NULL),
('CSI00820', 'Senior Editor', 3, NULL),
('CSI00821', 'Chemical Engineer', 3, NULL),
('CSI00822', 'Editor', 1, NULL),
('CSI00823', 'Structural Engineer', 3, NULL),
('CSI00824', 'Chemical Engineer', 2, NULL),
('CSI00825', 'Compensation Analyst', 3, NULL),
('CSI00826', 'Health Coach IV', 1, NULL),
('CSI00827', 'Accountant I', 3, NULL),
('CSI00828', 'Junior Executive', 1, NULL),
('CSI00829', 'Technical Writer', 2, NULL),
('CSI00830', 'VP Product Management', 1, NULL),
('CSI00831', 'Help Desk Technician', 2, NULL),
('CSI00832', 'Help Desk Technician', 2, NULL),
('CSI00833', 'Staff Scientist', 2, NULL),
('CSI00834', 'Geological Engineer', 2, NULL),
('CSI00835', 'Senior Cost Accountant', 2, NULL),
('CSI00836', 'Legal Assistant', 3, NULL),
('CSI00837', 'Dental Hygienist', 3, NULL),
('CSI00838', 'Accountant IV', 2, NULL),
('CSI00839', 'Librarian', 2, NULL),
('CSI00840', 'Senior Developer', 1, NULL),
('CSI00841', 'Recruiter', 3, NULL),
('CSI00842', 'Operator', 3, NULL),
('CSI00843', 'Speech Pathologist', 1, NULL),
('CSI00844', 'Senior Quality Engineer', 3, NULL),
('CSI00845', 'Environmental Specialist', 3, NULL),
('CSI00846', 'Senior Sales Associate', 1, NULL),
('CSI00847', 'Software Engineer I', 4, NULL),
('CSI00848', 'Desktop Support Technician', 3, NULL),
('CSI00849', 'Structural Analysis Engineer', 1, NULL),
('CSI00850', 'Help Desk Technician', 2, NULL),
('CSI00851', 'Recruiting Manager', 3, NULL),
('CSI00852', 'Project Manager', 4, NULL),
('CSI00853', 'VP Marketing', 3, NULL),
('CSI00854', 'Research Nurse', 2, NULL),
('CSI00855', 'Senior Cost Accountant', 1, NULL),
('CSI00856', 'Community Outreach Specialist', 1, NULL),
('CSI00857', 'Actuary', 3, NULL),
('CSI00858', 'Director of Sales', 4, NULL),
('CSI00859', 'Teacher', 3, NULL),
('CSI00860', 'Desktop Support Technician', 4, NULL),
('CSI00861', 'Registered Nurse', 4, NULL),
('CSI00862', 'Financial Analyst', 3, NULL),
('CSI00863', 'Senior Sales Associate', 3, NULL),
('CSI00864', 'Research Nurse', 1, NULL),
('CSI00865', 'Staff Accountant III', 1, NULL),
('CSI00866', 'Safety Technician II', 3, NULL),
('CSI00867', 'Professor', 3, NULL),
('CSI00868', 'Geologist II', 1, NULL),
('CSI00869', 'Product Engineer', 3, NULL),
('CSI00870', 'Product Engineer', 2, NULL),
('CSI00871', 'Automation Specialist IV', 4, NULL),
('CSI00872', 'Quality Control Specialist', 3, NULL),
('CSI00873', 'Food Chemist', 4, NULL),
('CSI00874', 'Help Desk Technician', 3, NULL),
('CSI00875', 'Software Engineer IV', 4, NULL),
('CSI00876', 'Senior Quality Engineer', 4, NULL),
('CSI00877', 'Legal Assistant', 4, NULL),
('CSI00878', 'Automation Specialist I', 4, NULL),
('CSI00879', 'Community Outreach Specialist', 4, NULL),
('CSI00880', 'Social Worker', 4, NULL),
('CSI00881', 'Professor', 1, NULL),
('CSI00882', 'Tax Accountant', 3, NULL),
('CSI00883', 'Community Outreach Specialist', 2, NULL),
('CSI00884', 'Financial Advisor', 3, NULL),
('CSI00885', 'Clinical Specialist', 4, NULL),
('CSI00886', 'Business Systems Development Analyst', 4, NULL),
('CSI00887', 'Project Manager', 2, NULL),
('CSI00888', 'Professor', 3, NULL),
('CSI00889', 'Analyst Programmer', 3, NULL),
('CSI00890', 'Food Chemist', 4, NULL),
('CSI00891', 'Director of Sales', 2, NULL),
('CSI00892', 'Accounting Assistant IV', 3, NULL),
('CSI00893', 'Technical Writer', 2, NULL),
('CSI00894', 'Research Associate', 2, NULL),
('CSI00895', 'Physical Therapy Assistant', 1, NULL),
('CSI00896', 'Account Representative II', 2, NULL),
('CSI00897', 'Environmental Tech', 2, NULL),
('CSI00898', 'Chief Design Engineer', 3, NULL),
('CSI00899', 'Senior Editor', 4, NULL),
('CSI00900', 'Social Worker', 3, NULL),
('CSI00901', 'VP Quality Control', 4, NULL),
('CSI00902', 'Systems Administrator III', 1, NULL),
('CSI00903', 'Web Designer I', 4, NULL),
('CSI00904', 'Computer Systems Analyst I', 2, NULL),
('CSI00905', 'Senior Financial Analyst', 3, NULL),
('CSI00906', 'Media Manager II', 4, NULL),
('CSI00907', 'Database Administrator III', 4, NULL),
('CSI00908', 'Accounting Assistant I', 3, NULL),
('CSI00909', 'Chief Design Engineer', 3, NULL),
('CSI00910', 'Software Engineer IV', 2, NULL),
('CSI00911', 'Product Engineer', 1, NULL),
('CSI00912', 'Senior Sales Associate', 4, NULL),
('CSI00913', 'Computer Systems Analyst II', 3, NULL),
('CSI00914', 'Actuary', 1, NULL),
('CSI00915', 'Mechanical Systems Engineer', 3, NULL),
('CSI00916', 'Accountant III', 2, NULL),
('CSI00917', 'Help Desk Technician', 4, NULL),
('CSI00918', 'Pharmacist', 2, NULL),
('CSI00919', 'Human Resources Assistant I', 1, NULL),
('CSI00920', 'VP Sales', 3, NULL),
('CSI00921', 'Recruiting Manager', 2, NULL),
('CSI00922', 'Recruiting Manager', 4, NULL),
('CSI00923', 'Software Consultant', 1, NULL),
('CSI00924', 'Editor', 1, NULL),
('CSI00925', 'Assistant Manager', 1, NULL),
('CSI00926', 'Social Worker', 2, NULL),
('CSI00927', 'Sales Associate', 3, NULL),
('CSI00928', 'Accountant III', 1, NULL),
('CSI00929', 'Senior Developer', 3, NULL),
('CSI00930', 'Web Developer IV', 3, NULL),
('CSI00931', 'Engineer I', 1, NULL),
('CSI00932', 'Environmental Tech', 4, NULL),
('CSI00933', 'Junior Executive', 3, NULL),
('CSI00934', 'Chief Design Engineer', 3, NULL),
('CSI00935', 'Assistant Media Planner', 4, NULL),
('CSI00936', 'Office Assistant IV', 1, NULL),
('CSI00937', 'Social Worker', 1, NULL),
('CSI00938', 'Biostatistician II', 4, NULL),
('CSI00939', 'Legal Assistant', 2, NULL),
('CSI00940', 'Senior Cost Accountant', 1, NULL),
('CSI00941', 'Information Systems Manager', 1, NULL),
('CSI00942', 'Quality Engineer', 1, NULL),
('CSI00943', 'Office Assistant III', 1, NULL),
('CSI00944', 'Programmer Analyst IV', 1, NULL),
('CSI00945', 'Teacher', 3, NULL),
('CSI00946', 'Environmental Tech', 4, NULL),
('CSI00947', 'VP Sales', 4, NULL),
('CSI00948', 'Civil Engineer', 4, NULL),
('CSI00949', 'Staff Scientist', 3, NULL),
('CSI00950', 'Accountant III', 2, NULL),
('CSI00951', 'Chemical Engineer', 2, NULL),
('CSI00952', 'Assistant Media Planner', 1, NULL),
('CSI00953', 'Junior Executive', 4, NULL),
('CSI00954', 'Graphic Designer', 3, NULL),
('CSI00955', 'Sales Associate', 2, NULL),
('CSI00956', 'Environmental Specialist', 3, NULL),
('CSI00957', 'Technical Writer', 4, NULL),
('CSI00958', 'Web Designer IV', 4, NULL),
('CSI00959', 'VP Accounting', 1, NULL),
('CSI00960', 'Sales Associate', 2, NULL),
('CSI00961', 'Mechanical Systems Engineer', 3, NULL),
('CSI00962', 'Chemical Engineer', 2, NULL),
('CSI00963', 'Research Associate', 1, NULL),
('CSI00964', 'Sales Representative', 2, NULL),
('CSI00965', 'Software Test Engineer II', 3, NULL),
('CSI00966', 'Geologist III', 1, NULL),
('CSI00967', 'Actuary', 2, NULL),
('CSI00968', 'Staff Accountant III', 3, NULL),
('CSI00969', 'Physical Therapy Assistant', 2, NULL),
('CSI00970', 'Structural Engineer', 3, NULL),
('CSI00971', 'Sales Representative', 3, NULL),
('CSI00972', 'Chemical Engineer', 3, NULL),
('CSI00973', 'Director of Sales', 3, NULL),
('CSI00974', 'Financial Advisor', 4, NULL),
('CSI00975', 'Financial Advisor', 3, NULL),
('CSI00976', 'Research Associate', 2, NULL),
('CSI00977', 'Operator', 4, NULL),
('CSI00978', 'Software Test Engineer I', 2, NULL),
('CSI00979', 'Paralegal', 3, NULL),
('CSI00980', 'Cost Accountant', 4, NULL),
('CSI00981', 'Structural Analysis Engineer', 3, NULL),
('CSI00982', 'Health Coach II', 1, NULL),
('CSI00983', 'Legal Assistant', 3, NULL),
('CSI00984', 'Human Resources Manager', 2, NULL),
('CSI00985', 'Administrative Officer', 1, NULL),
('CSI00986', 'Account Representative III', 1, NULL),
('CSI00987', 'Food Chemist', 2, NULL),
('CSI00988', 'Project Manager', 1, NULL),
('CSI00989', 'Mechanical Systems Engineer', 3, NULL),
('CSI00990', 'Social Worker', 3, NULL),
('CSI00991', 'VP Product Management', 4, NULL),
('CSI00992', 'General Manager', 3, NULL),
('CSI00993', 'Actuary', 1, NULL),
('CSI00994', 'Health Coach I', 2, NULL),
('CSI00995', 'Software Consultant', 1, NULL),
('CSI00996', 'Marketing Assistant', 3, NULL),
('CSI00997', 'VP Marketing', 4, NULL),
('CSI00998', 'Staff Scientist', 3, NULL),
('CSI00999', 'Assistant Media Planner', 3, NULL),
('CSI01000', 'Pengembangan Anak', 4, '');

-- --------------------------------------------------------

--
-- Table structure for table `matkul_kurikulum`
--

DROP TABLE IF EXISTS `matkul_kurikulum`;
CREATE TABLE `matkul_kurikulum` (
  `kode_matkul` varchar(8) NOT NULL,
  `kode_kurikulum` varchar(8) NOT NULL,
  `isWajib` int(1) NOT NULL,
  `jumlah_sks_prasyarat` int(3) NOT NULL DEFAULT '0',
  `term` int(11) NOT NULL DEFAULT '1'
) ENGINE=InnoDB DEFAULT CHARSET=latin1;

--
-- RELATIONS FOR TABLE `matkul_kurikulum`:
--   `kode_matkul`
--       `mata_kuliah` -> `kode`
--   `kode_kurikulum`
--       `kurikulum` -> `kode`
--   `kode_kurikulum`
--       `kurikulum` -> `kode`
--

--
-- Dumping data for table `matkul_kurikulum`
--

INSERT INTO `matkul_kurikulum` VALUES
('CSI00001', '15CSI001', 0, 0, 1),
('CSI00002', '15CSI002', 0, 0, 1),
('CSI00003', '15CSI003', 0, 0, 1),
('CSI00004', '15CSI004', 0, 0, 1),
('CSI00005', '15CSI005', 0, 0, 1),
('CSI00006', '15CSI006', 0, 0, 1),
('CSI00007', '15CSI007', 0, 0, 1),
('CSI00008', '15CSI008', 0, 0, 1),
('CSI00009', '15CSI009', 0, 0, 1),
('CSI00010', '15CSI010', 0, 0, 1),
('CSI00011', '15CSI011', 0, 0, 1),
('CSI00012', '15CSI012', 0, 0, 1),
('CSI00013', '15CSI013', 0, 0, 1),
('CSI00014', '15CSI014', 0, 0, 1),
('CSI00015', '15CSI015', 0, 0, 1),
('CSI00016', '15CSI016', 0, 0, 1),
('CSI00017', '15CSI017', 0, 0, 1),
('CSI00018', '15CSI018', 0, 0, 1),
('CSI00019', '15CSI019', 0, 0, 1),
('CSI00020', '15CSI020', 0, 0, 1),
('CSI00021', '15CSI021', 0, 0, 1),
('CSI00022', '15CSI022', 0, 0, 1),
('CSI00023', '15CSI023', 0, 0, 1),
('CSI00024', '15CSI024', 0, 0, 1),
('CSI00025', '15CSI025', 0, 0, 1),
('CSI00026', '15CSI026', 0, 0, 1),
('CSI00027', '15CSI027', 0, 0, 1),
('CSI00028', '15CSI028', 0, 0, 1),
('CSI00029', '15CSI029', 0, 0, 1),
('CSI00030', '15CSI030', 0, 0, 1),
('CSI00031', '15CSI031', 0, 0, 1),
('CSI00032', '15CSI032', 0, 0, 1),
('CSI00033', '15CSI033', 0, 0, 1),
('CSI00034', '15CSI034', 0, 0, 1),
('CSI00035', '15CSI035', 0, 0, 1),
('CSI00036', '15CSI036', 0, 0, 1),
('CSI00037', '15CSI037', 0, 0, 1),
('CSI00038', '15CSI038', 0, 0, 1),
('CSI00039', '15CSI039', 0, 0, 1),
('CSI00040', '15CSI040', 0, 0, 1),
('CSI00041', '15CSI041', 0, 0, 1),
('CSI00042', '15CSI042', 0, 0, 1),
('CSI00043', '15CSI043', 0, 0, 1),
('CSI00044', '15CSI044', 0, 0, 1),
('CSI00045', '15CSI045', 0, 0, 1),
('CSI00046', '15CSI046', 0, 0, 1),
('CSI00047', '15CSI047', 0, 0, 1),
('CSI00048', '15CSI048', 0, 0, 1),
('CSI00049', '15CSI049', 0, 0, 1),
('CSI00050', '15CSI050', 0, 0, 1),
('CSI00051', '15CSI001', 0, 0, 1),
('CSI00052', '15CSI002', 0, 0, 1),
('CSI00053', '15CSI003', 0, 0, 1),
('CSI00054', '15CSI004', 0, 0, 1),
('CSI00055', '15CSI005', 0, 0, 1),
('CSI00056', '15CSI006', 0, 0, 1),
('CSI00057', '15CSI007', 0, 0, 1),
('CSI00058', '15CSI008', 0, 0, 1),
('CSI00059', '15CSI009', 0, 0, 1),
('CSI00060', '15CSI010', 0, 0, 1),
('CSI00061', '15CSI011', 0, 0, 1),
('CSI00062', '15CSI012', 0, 0, 1),
('CSI00063', '15CSI013', 0, 0, 1),
('CSI00064', '15CSI014', 0, 0, 1),
('CSI00065', '15CSI015', 0, 0, 1),
('CSI00066', '15CSI016', 0, 0, 1),
('CSI00067', '15CSI017', 0, 0, 1),
('CSI00068', '15CSI018', 0, 0, 1),
('CSI00069', '15CSI019', 0, 0, 1),
('CSI00070', '15CSI020', 0, 0, 1),
('CSI00071', '15CSI021', 0, 0, 1),
('CSI00072', '15CSI022', 0, 0, 1),
('CSI00073', '15CSI023', 0, 0, 1),
('CSI00074', '15CSI024', 0, 0, 1),
('CSI00075', '15CSI025', 0, 0, 1),
('CSI00076', '15CSI026', 0, 0, 1),
('CSI00077', '15CSI027', 0, 0, 1),
('CSI00078', '15CSI028', 0, 0, 1),
('CSI00079', '15CSI029', 0, 0, 1),
('CSI00080', '15CSI030', 0, 0, 1),
('CSI00081', '15CSI031', 0, 0, 1),
('CSI00082', '15CSI032', 0, 0, 1),
('CSI00083', '15CSI033', 0, 0, 1),
('CSI00084', '15CSI034', 0, 0, 1),
('CSI00085', '15CSI035', 0, 0, 1),
('CSI00086', '15CSI036', 0, 0, 1),
('CSI00087', '15CSI037', 0, 0, 1),
('CSI00088', '15CSI038', 0, 0, 1),
('CSI00089', '15CSI039', 0, 0, 1),
('CSI00090', '15CSI040', 0, 0, 1),
('CSI00091', '15CSI041', 0, 0, 1),
('CSI00092', '15CSI042', 0, 0, 1),
('CSI00093', '15CSI043', 0, 0, 1),
('CSI00094', '15CSI044', 0, 0, 1),
('CSI00095', '15CSI045', 0, 0, 1),
('CSI00096', '15CSI046', 0, 0, 1),
('CSI00097', '15CSI047', 0, 0, 1),
('CSI00098', '15CSI048', 0, 0, 1),
('CSI00099', '15CSI049', 0, 0, 1),
('CSI00100', '15CSI050', 0, 0, 1),
('CSI00101', '15CSI001', 0, 0, 1),
('CSI00102', '15CSI002', 0, 0, 1),
('CSI00103', '15CSI003', 0, 0, 1),
('CSI00104', '15CSI004', 0, 0, 1),
('CSI00105', '15CSI005', 0, 0, 1),
('CSI00106', '15CSI006', 0, 0, 1),
('CSI00107', '15CSI007', 0, 0, 1),
('CSI00108', '15CSI008', 0, 0, 1),
('CSI00109', '15CSI009', 0, 0, 1),
('CSI00110', '15CSI010', 0, 0, 1),
('CSI00111', '15CSI011', 0, 0, 1),
('CSI00112', '15CSI012', 0, 0, 1),
('CSI00113', '15CSI013', 0, 0, 1),
('CSI00114', '15CSI014', 0, 0, 1),
('CSI00115', '15CSI015', 0, 0, 1),
('CSI00116', '15CSI016', 0, 0, 1),
('CSI00117', '15CSI017', 0, 0, 1),
('CSI00118', '15CSI018', 0, 0, 1),
('CSI00119', '15CSI019', 0, 0, 1),
('CSI00120', '15CSI020', 0, 0, 1),
('CSI00121', '15CSI021', 0, 0, 1),
('CSI00122', '15CSI022', 0, 0, 1),
('CSI00123', '15CSI023', 0, 0, 1),
('CSI00124', '15CSI024', 0, 0, 1),
('CSI00125', '15CSI025', 0, 0, 1),
('CSI00126', '15CSI026', 0, 0, 1),
('CSI00127', '15CSI027', 0, 0, 1),
('CSI00128', '15CSI028', 0, 0, 1),
('CSI00129', '15CSI029', 0, 0, 1),
('CSI00130', '15CSI030', 0, 0, 1),
('CSI00131', '15CSI031', 0, 0, 1),
('CSI00132', '15CSI032', 0, 0, 1),
('CSI00133', '15CSI033', 0, 0, 1),
('CSI00134', '15CSI034', 0, 0, 1),
('CSI00135', '15CSI035', 0, 0, 1),
('CSI00136', '15CSI036', 0, 0, 1),
('CSI00137', '15CSI037', 0, 0, 1),
('CSI00138', '15CSI038', 0, 0, 1),
('CSI00139', '15CSI039', 0, 0, 1),
('CSI00140', '15CSI040', 0, 0, 1),
('CSI00141', '15CSI041', 0, 0, 1),
('CSI00142', '15CSI042', 0, 0, 1),
('CSI00143', '15CSI043', 0, 0, 1),
('CSI00144', '15CSI044', 0, 0, 1),
('CSI00145', '15CSI045', 0, 0, 1),
('CSI00146', '15CSI046', 0, 0, 1),
('CSI00147', '15CSI047', 0, 0, 1),
('CSI00148', '15CSI048', 0, 0, 1),
('CSI00149', '15CSI049', 0, 0, 1),
('CSI00150', '15CSI050', 0, 0, 1),
('CSI00151', '15CSI001', 0, 0, 1),
('CSI00152', '15CSI002', 0, 0, 1),
('CSI00153', '15CSI003', 0, 0, 1),
('CSI00154', '15CSI004', 0, 0, 1),
('CSI00155', '15CSI005', 0, 0, 1),
('CSI00156', '15CSI006', 0, 0, 1),
('CSI00157', '15CSI007', 0, 0, 1),
('CSI00158', '15CSI008', 0, 0, 1),
('CSI00159', '15CSI009', 0, 0, 1),
('CSI00160', '15CSI010', 0, 0, 1),
('CSI00161', '15CSI011', 0, 0, 1),
('CSI00162', '15CSI012', 0, 0, 1),
('CSI00163', '15CSI013', 0, 0, 1),
('CSI00164', '15CSI014', 0, 0, 1),
('CSI00165', '15CSI015', 0, 0, 1),
('CSI00166', '15CSI016', 0, 0, 1),
('CSI00167', '15CSI017', 0, 0, 1),
('CSI00168', '15CSI018', 0, 0, 1),
('CSI00169', '15CSI019', 0, 0, 1),
('CSI00170', '15CSI020', 0, 0, 1),
('CSI00171', '15CSI021', 0, 0, 1),
('CSI00172', '15CSI022', 0, 0, 1),
('CSI00173', '15CSI023', 0, 0, 1),
('CSI00174', '15CSI024', 0, 0, 1),
('CSI00175', '15CSI025', 0, 0, 1),
('CSI00176', '15CSI026', 0, 0, 1),
('CSI00177', '15CSI027', 0, 0, 1),
('CSI00178', '15CSI028', 0, 0, 1),
('CSI00179', '15CSI029', 0, 0, 1),
('CSI00180', '15CSI030', 0, 0, 1),
('CSI00181', '15CSI031', 0, 0, 1),
('CSI00182', '15CSI032', 0, 0, 1),
('CSI00183', '15CSI033', 0, 0, 1),
('CSI00184', '15CSI034', 0, 0, 1),
('CSI00185', '15CSI035', 0, 0, 1),
('CSI00186', '15CSI036', 0, 0, 1),
('CSI00187', '15CSI037', 0, 0, 1),
('CSI00188', '15CSI038', 0, 0, 1),
('CSI00189', '15CSI039', 0, 0, 1),
('CSI00190', '15CSI040', 0, 0, 1),
('CSI00191', '15CSI041', 0, 0, 1),
('CSI00192', '15CSI042', 0, 0, 1),
('CSI00193', '15CSI043', 0, 0, 1),
('CSI00194', '15CSI044', 0, 0, 1),
('CSI00195', '15CSI045', 0, 0, 1),
('CSI00196', '15CSI046', 0, 0, 1),
('CSI00197', '15CSI047', 0, 0, 1),
('CSI00198', '15CSI048', 0, 0, 1),
('CSI00199', '15CSI049', 0, 0, 1),
('CSI00200', '15CSI050', 0, 0, 1),
('CSI00201', '15CSI001', 0, 0, 1),
('CSI00202', '15CSI002', 0, 0, 1),
('CSI00203', '15CSI003', 0, 0, 1),
('CSI00204', '15CSI004', 0, 0, 1),
('CSI00205', '15CSI005', 0, 0, 1),
('CSI00206', '15CSI006', 0, 0, 1),
('CSI00207', '15CSI007', 0, 0, 1),
('CSI00208', '15CSI008', 0, 0, 1),
('CSI00209', '15CSI009', 0, 0, 1),
('CSI00210', '15CSI010', 0, 0, 1),
('CSI00211', '15CSI011', 0, 0, 1),
('CSI00212', '15CSI012', 0, 0, 1),
('CSI00213', '15CSI013', 0, 0, 1),
('CSI00214', '15CSI014', 0, 0, 1),
('CSI00215', '15CSI015', 0, 0, 1),
('CSI00216', '15CSI016', 0, 0, 1),
('CSI00217', '15CSI017', 0, 0, 1),
('CSI00218', '15CSI018', 0, 0, 1),
('CSI00219', '15CSI019', 0, 0, 1),
('CSI00220', '15CSI020', 0, 0, 1),
('CSI00221', '15CSI021', 0, 0, 1),
('CSI00222', '15CSI022', 0, 0, 1),
('CSI00223', '15CSI023', 0, 0, 1),
('CSI00224', '15CSI024', 0, 0, 1),
('CSI00225', '15CSI025', 0, 0, 1),
('CSI00226', '15CSI026', 0, 0, 1),
('CSI00227', '15CSI027', 0, 0, 1),
('CSI00228', '15CSI028', 0, 0, 1),
('CSI00229', '15CSI029', 0, 0, 1),
('CSI00230', '15CSI030', 0, 0, 1),
('CSI00231', '15CSI031', 0, 0, 1),
('CSI00232', '15CSI032', 0, 0, 1),
('CSI00233', '15CSI033', 0, 0, 1),
('CSI00234', '15CSI034', 0, 0, 1),
('CSI00235', '15CSI035', 0, 0, 1),
('CSI00236', '15CSI036', 0, 0, 1),
('CSI00237', '15CSI037', 0, 0, 1),
('CSI00238', '15CSI038', 0, 0, 1),
('CSI00239', '15CSI039', 0, 0, 1),
('CSI00240', '15CSI040', 0, 0, 1),
('CSI00241', '15CSI041', 0, 0, 1),
('CSI00242', '15CSI042', 0, 0, 1),
('CSI00243', '15CSI043', 0, 0, 1),
('CSI00244', '15CSI044', 0, 0, 1),
('CSI00245', '15CSI045', 0, 0, 1),
('CSI00246', '15CSI046', 0, 0, 1),
('CSI00247', '15CSI047', 0, 0, 1),
('CSI00248', '15CSI048', 0, 0, 1),
('CSI00249', '15CSI049', 0, 0, 1),
('CSI00250', '15CSI050', 0, 0, 1),
('CSI00251', '15CSI001', 0, 0, 1),
('CSI00252', '15CSI002', 0, 0, 1),
('CSI00253', '15CSI003', 0, 0, 1),
('CSI00254', '15CSI004', 0, 0, 1),
('CSI00255', '15CSI005', 0, 0, 1),
('CSI00256', '15CSI006', 0, 0, 1),
('CSI00257', '15CSI007', 0, 0, 1),
('CSI00258', '15CSI008', 0, 0, 1),
('CSI00259', '15CSI009', 0, 0, 1),
('CSI00260', '15CSI010', 0, 0, 1),
('CSI00261', '15CSI011', 0, 0, 1),
('CSI00262', '15CSI012', 0, 0, 1),
('CSI00263', '15CSI013', 0, 0, 1),
('CSI00264', '15CSI014', 0, 0, 1),
('CSI00265', '15CSI015', 0, 0, 1),
('CSI00266', '15CSI016', 0, 0, 1),
('CSI00267', '15CSI017', 0, 0, 1),
('CSI00268', '15CSI018', 0, 0, 1),
('CSI00269', '15CSI019', 0, 0, 1),
('CSI00270', '15CSI020', 0, 0, 1),
('CSI00271', '15CSI021', 0, 0, 1),
('CSI00272', '15CSI022', 0, 0, 1),
('CSI00273', '15CSI023', 0, 0, 1),
('CSI00274', '15CSI024', 0, 0, 1),
('CSI00275', '15CSI025', 0, 0, 1),
('CSI00276', '15CSI026', 0, 0, 1),
('CSI00277', '15CSI027', 0, 0, 1),
('CSI00278', '15CSI028', 0, 0, 1),
('CSI00279', '15CSI029', 0, 0, 1),
('CSI00280', '15CSI030', 0, 0, 1),
('CSI00281', '15CSI031', 0, 0, 1),
('CSI00282', '15CSI032', 0, 0, 1),
('CSI00283', '15CSI033', 0, 0, 1),
('CSI00284', '15CSI034', 0, 0, 1),
('CSI00285', '15CSI035', 0, 0, 1),
('CSI00286', '15CSI036', 0, 0, 1),
('CSI00287', '15CSI037', 0, 0, 1),
('CSI00288', '15CSI038', 0, 0, 1),
('CSI00289', '15CSI039', 0, 0, 1),
('CSI00290', '15CSI040', 0, 0, 1),
('CSI00291', '15CSI041', 0, 0, 1),
('CSI00292', '15CSI042', 0, 0, 1),
('CSI00293', '15CSI043', 0, 0, 1),
('CSI00294', '15CSI044', 0, 0, 1),
('CSI00295', '15CSI045', 0, 0, 1),
('CSI00296', '15CSI046', 0, 0, 1),
('CSI00297', '15CSI047', 0, 0, 1),
('CSI00298', '15CSI048', 0, 0, 1),
('CSI00299', '15CSI049', 0, 0, 1),
('CSI00300', '15CSI050', 0, 0, 1),
('CSI00301', '15CSI001', 0, 0, 1),
('CSI00302', '15CSI002', 0, 0, 1),
('CSI00303', '15CSI003', 0, 0, 1),
('CSI00304', '15CSI004', 0, 0, 1),
('CSI00305', '15CSI005', 0, 0, 1),
('CSI00306', '15CSI006', 0, 0, 1),
('CSI00307', '15CSI007', 0, 0, 1),
('CSI00308', '15CSI008', 0, 0, 1),
('CSI00309', '15CSI009', 0, 0, 1),
('CSI00310', '15CSI010', 0, 0, 1),
('CSI00311', '15CSI011', 0, 0, 1),
('CSI00312', '15CSI012', 0, 0, 1),
('CSI00313', '15CSI013', 0, 0, 1),
('CSI00314', '15CSI014', 0, 0, 1),
('CSI00315', '15CSI015', 0, 0, 1),
('CSI00316', '15CSI016', 0, 0, 1),
('CSI00317', '15CSI017', 0, 0, 1),
('CSI00318', '15CSI018', 0, 0, 1),
('CSI00319', '15CSI019', 0, 0, 1),
('CSI00320', '15CSI020', 0, 0, 1),
('CSI00321', '15CSI021', 0, 0, 1),
('CSI00322', '15CSI022', 0, 0, 1),
('CSI00323', '15CSI023', 0, 0, 1),
('CSI00324', '15CSI024', 0, 0, 1),
('CSI00325', '15CSI025', 0, 0, 1),
('CSI00326', '15CSI026', 0, 0, 1),
('CSI00327', '15CSI027', 0, 0, 1),
('CSI00328', '15CSI028', 0, 0, 1),
('CSI00329', '15CSI029', 0, 0, 1),
('CSI00330', '15CSI030', 0, 0, 1),
('CSI00331', '15CSI031', 0, 0, 1),
('CSI00332', '15CSI032', 0, 0, 1),
('CSI00333', '15CSI033', 1, 0, 1),
('CSI00334', '15CSI034', 1, 0, 1),
('CSI00335', '15CSI035', 1, 0, 1),
('CSI00336', '15CSI036', 1, 0, 1),
('CSI00337', '15CSI037', 1, 0, 1),
('CSI00338', '15CSI038', 1, 0, 1),
('CSI00339', '15CSI039', 1, 0, 1),
('CSI00340', '15CSI040', 1, 0, 1),
('CSI00341', '15CSI041', 1, 0, 1),
('CSI00342', '15CSI042', 1, 0, 1),
('CSI00343', '15CSI043', 1, 0, 1),
('CSI00344', '15CSI044', 1, 0, 1),
('CSI00345', '15CSI045', 1, 0, 1),
('CSI00346', '15CSI046', 1, 0, 1),
('CSI00347', '15CSI047', 1, 0, 1),
('CSI00348', '15CSI048', 1, 0, 1),
('CSI00349', '15CSI049', 1, 0, 1),
('CSI00350', '15CSI050', 1, 0, 1),
('CSI00351', '15CSI001', 1, 0, 1),
('CSI00352', '15CSI002', 1, 0, 1),
('CSI00353', '15CSI003', 1, 0, 1),
('CSI00354', '15CSI004', 1, 0, 1),
('CSI00355', '15CSI005', 1, 0, 1),
('CSI00356', '15CSI006', 1, 0, 1),
('CSI00357', '15CSI007', 1, 0, 1),
('CSI00358', '15CSI008', 1, 0, 1),
('CSI00359', '15CSI009', 1, 0, 1),
('CSI00360', '15CSI010', 1, 0, 1),
('CSI00361', '15CSI011', 1, 0, 1),
('CSI00362', '15CSI012', 1, 0, 1),
('CSI00363', '15CSI013', 1, 0, 1),
('CSI00364', '15CSI014', 1, 0, 1),
('CSI00365', '15CSI015', 1, 0, 1),
('CSI00366', '15CSI016', 1, 0, 1),
('CSI00367', '15CSI017', 1, 0, 1),
('CSI00368', '15CSI018', 1, 0, 1),
('CSI00369', '15CSI019', 1, 0, 1),
('CSI00370', '15CSI020', 1, 0, 1),
('CSI00371', '15CSI021', 1, 0, 1),
('CSI00372', '15CSI022', 1, 0, 1),
('CSI00373', '15CSI023', 1, 0, 1),
('CSI00374', '15CSI024', 1, 0, 1),
('CSI00375', '15CSI025', 1, 0, 1),
('CSI00376', '15CSI026', 1, 0, 1),
('CSI00377', '15CSI027', 1, 0, 1),
('CSI00378', '15CSI028', 1, 0, 1),
('CSI00379', '15CSI029', 1, 0, 1),
('CSI00380', '15CSI030', 1, 0, 1),
('CSI00381', '15CSI031', 1, 0, 1),
('CSI00382', '15CSI032', 1, 0, 1),
('CSI00383', '15CSI033', 1, 0, 1),
('CSI00384', '15CSI034', 1, 0, 1),
('CSI00385', '15CSI035', 1, 0, 1),
('CSI00386', '15CSI036', 1, 0, 1),
('CSI00387', '15CSI037', 1, 0, 1),
('CSI00388', '15CSI038', 1, 0, 1),
('CSI00389', '15CSI039', 1, 0, 1),
('CSI00390', '15CSI040', 1, 0, 1),
('CSI00391', '15CSI041', 1, 0, 1),
('CSI00392', '15CSI042', 1, 0, 1),
('CSI00393', '15CSI043', 1, 0, 1),
('CSI00394', '15CSI044', 1, 0, 1),
('CSI00395', '15CSI045', 1, 0, 1),
('CSI00396', '15CSI046', 1, 0, 1),
('CSI00397', '15CSI047', 1, 0, 1),
('CSI00398', '15CSI048', 1, 0, 1),
('CSI00399', '15CSI049', 1, 0, 1),
('CSI00400', '15CSI050', 1, 0, 1),
('CSI00401', '15CSI001', 1, 0, 1),
('CSI00402', '15CSI002', 1, 0, 1),
('CSI00403', '15CSI003', 1, 0, 1),
('CSI00404', '15CSI004', 1, 0, 1),
('CSI00405', '15CSI005', 1, 0, 1),
('CSI00406', '15CSI006', 1, 0, 1),
('CSI00407', '15CSI007', 1, 0, 1),
('CSI00408', '15CSI008', 1, 0, 1),
('CSI00409', '15CSI009', 1, 0, 1),
('CSI00410', '15CSI010', 1, 0, 1),
('CSI00411', '15CSI011', 1, 0, 1),
('CSI00412', '15CSI012', 1, 0, 1),
('CSI00413', '15CSI013', 1, 0, 1),
('CSI00414', '15CSI014', 1, 0, 1),
('CSI00415', '15CSI015', 1, 0, 1),
('CSI00416', '15CSI016', 1, 0, 1),
('CSI00417', '15CSI017', 1, 0, 1),
('CSI00418', '15CSI018', 1, 0, 1),
('CSI00419', '15CSI019', 1, 0, 1),
('CSI00420', '15CSI020', 1, 0, 1),
('CSI00421', '15CSI021', 1, 0, 1),
('CSI00422', '15CSI022', 1, 0, 1),
('CSI00423', '15CSI023', 1, 0, 1),
('CSI00424', '15CSI024', 1, 0, 1),
('CSI00425', '15CSI025', 1, 0, 1),
('CSI00426', '15CSI026', 1, 0, 1),
('CSI00427', '15CSI027', 1, 0, 1),
('CSI00428', '15CSI028', 1, 0, 1),
('CSI00429', '15CSI029', 1, 0, 1),
('CSI00430', '15CSI030', 1, 0, 1),
('CSI00431', '15CSI031', 1, 0, 1),
('CSI00432', '15CSI032', 1, 0, 1),
('CSI00433', '15CSI033', 1, 0, 1),
('CSI00434', '15CSI034', 1, 0, 1),
('CSI00435', '15CSI035', 1, 0, 1),
('CSI00436', '15CSI036', 1, 0, 1),
('CSI00437', '15CSI037', 1, 0, 1),
('CSI00438', '15CSI038', 1, 0, 1),
('CSI00439', '15CSI039', 1, 0, 1),
('CSI00440', '15CSI040', 1, 0, 1),
('CSI00441', '15CSI041', 1, 0, 1),
('CSI00442', '15CSI042', 1, 0, 1),
('CSI00443', '15CSI043', 1, 0, 1),
('CSI00444', '15CSI044', 1, 0, 1),
('CSI00445', '15CSI045', 1, 0, 1),
('CSI00446', '15CSI046', 1, 0, 1),
('CSI00447', '15CSI047', 1, 0, 1),
('CSI00448', '15CSI048', 1, 0, 1),
('CSI00449', '15CSI049', 1, 0, 1),
('CSI00450', '15CSI050', 1, 0, 1),
('CSI00451', '15CSI001', 1, 0, 1),
('CSI00452', '15CSI002', 1, 86, 1),
('CSI00453', '15CSI003', 1, 86, 1),
('CSI00454', '15CSI004', 1, 72, 1),
('CSI00455', '15CSI005', 1, 18, 1),
('CSI00456', '15CSI006', 1, 92, 1),
('CSI00457', '15CSI007', 1, 40, 1),
('CSI00458', '15CSI008', 1, 30, 1),
('CSI00459', '15CSI009', 1, 17, 1),
('CSI00460', '15CSI010', 1, 82, 1),
('CSI00461', '15CSI011', 1, 98, 1),
('CSI00462', '15CSI012', 1, 62, 1),
('CSI00463', '15CSI013', 1, 94, 1),
('CSI00464', '15CSI014', 1, 35, 1),
('CSI00465', '15CSI015', 1, 59, 1),
('CSI00466', '15CSI016', 1, 12, 1),
('CSI00467', '15CSI017', 1, 48, 1),
('CSI00468', '15CSI018', 1, 8, 1),
('CSI00469', '15CSI019', 1, 24, 1),
('CSI00470', '15CSI020', 1, 98, 1),
('CSI00471', '15CSI021', 1, 74, 1),
('CSI00472', '15CSI022', 1, 58, 1),
('CSI00473', '15CSI023', 1, 94, 1),
('CSI00474', '15CSI024', 1, 54, 1),
('CSI00475', '15CSI025', 1, 26, 1),
('CSI00476', '15CSI026', 1, 42, 1),
('CSI00477', '15CSI027', 1, 83, 1),
('CSI00478', '15CSI028', 1, 56, 1),
('CSI00479', '15CSI029', 1, 9, 1),
('CSI00480', '15CSI030', 1, 72, 1),
('CSI00481', '15CSI031', 1, 67, 1),
('CSI00482', '15CSI032', 1, 18, 1),
('CSI00483', '15CSI033', 1, 1, 1),
('CSI00484', '15CSI034', 1, 89, 1),
('CSI00485', '15CSI035', 1, 50, 1),
('CSI00486', '15CSI036', 1, 26, 1),
('CSI00487', '15CSI037', 1, 47, 1),
('CSI00488', '15CSI038', 1, 16, 1),
('CSI00489', '15CSI039', 1, 76, 1),
('CSI00490', '15CSI040', 1, 39, 1),
('CSI00491', '15CSI041', 1, 74, 1),
('CSI00492', '15CSI042', 1, 82, 1),
('CSI00493', '15CSI043', 1, 76, 1),
('CSI00494', '15CSI044', 1, 28, 1),
('CSI00495', '15CSI045', 1, 99, 1),
('CSI00496', '15CSI046', 1, 23, 1),
('CSI00497', '15CSI047', 1, 14, 1),
('CSI00498', '15CSI048', 1, 39, 1),
('CSI00499', '15CSI049', 1, 58, 1),
('CSI00500', '15CSI050', 1, 95, 1),
('CSI00501', '15CSI001', 1, 31, 1),
('CSI00502', '15CSI002', 1, 33, 1),
('CSI00503', '15CSI003', 1, 100, 1),
('CSI00504', '15CSI004', 1, 60, 1),
('CSI00505', '15CSI005', 1, 45, 1),
('CSI00506', '15CSI006', 1, 9, 1),
('CSI00507', '15CSI007', 1, 100, 1),
('CSI00508', '15CSI008', 1, 51, 1),
('CSI00509', '15CSI009', 1, 82, 1),
('CSI00510', '15CSI010', 1, 43, 1),
('CSI00511', '15CSI011', 1, 74, 1),
('CSI00512', '15CSI012', 1, 37, 1),
('CSI00513', '15CSI013', 1, 59, 1),
('CSI00514', '15CSI014', 1, 95, 1),
('CSI00515', '15CSI015', 1, 22, 1),
('CSI00516', '15CSI016', 1, 12, 1),
('CSI00517', '15CSI017', 1, 35, 1),
('CSI00518', '15CSI018', 1, 31, 1),
('CSI00519', '15CSI019', 1, 26, 1),
('CSI00520', '15CSI020', 1, 95, 1),
('CSI00521', '15CSI021', 1, 66, 1),
('CSI00522', '15CSI022', 1, 2, 1),
('CSI00523', '15CSI023', 1, 70, 1),
('CSI00524', '15CSI024', 1, 43, 1),
('CSI00525', '15CSI025', 1, 90, 1),
('CSI00526', '15CSI026', 1, 10, 1),
('CSI00527', '15CSI027', 1, 87, 1),
('CSI00528', '15CSI028', 1, 72, 1),
('CSI00529', '15CSI029', 1, 100, 1),
('CSI00530', '15CSI030', 1, 28, 1),
('CSI00531', '15CSI031', 1, 95, 1),
('CSI00532', '15CSI032', 1, 37, 1),
('CSI00533', '15CSI033', 1, 19, 1),
('CSI00534', '15CSI034', 1, 69, 1),
('CSI00535', '15CSI035', 1, 14, 1),
('CSI00536', '15CSI036', 1, 12, 1),
('CSI00537', '15CSI037', 1, 92, 1),
('CSI00538', '15CSI038', 1, 53, 1),
('CSI00539', '15CSI039', 1, 16, 1),
('CSI00540', '15CSI040', 1, 67, 1),
('CSI00541', '15CSI041', 1, 9, 1),
('CSI00542', '15CSI042', 1, 21, 1),
('CSI00543', '15CSI043', 1, 71, 1),
('CSI00544', '15CSI044', 1, 99, 1),
('CSI00545', '15CSI045', 1, 44, 1),
('CSI00546', '15CSI046', 1, 61, 1),
('CSI00547', '15CSI047', 1, 8, 1),
('CSI00548', '15CSI048', 1, 58, 1),
('CSI00549', '15CSI049', 1, 68, 1),
('CSI00550', '15CSI050', 1, 16, 1),
('CSI00551', '15CSI001', 1, 5, 1),
('CSI00552', '15CSI002', 1, 2, 1),
('CSI00553', '15CSI003', 1, 14, 1),
('CSI00554', '15CSI004', 1, 11, 1),
('CSI00555', '15CSI005', 1, 36, 1),
('CSI00556', '15CSI006', 1, 36, 1),
('CSI00557', '15CSI007', 1, 4, 1),
('CSI00558', '15CSI008', 1, 62, 1),
('CSI00559', '15CSI009', 1, 41, 1),
('CSI00560', '15CSI010', 1, 68, 1),
('CSI00561', '15CSI011', 1, 26, 1),
('CSI00562', '15CSI012', 1, 45, 1),
('CSI00563', '15CSI013', 1, 100, 1),
('CSI00564', '15CSI014', 1, 8, 1),
('CSI00565', '15CSI015', 1, 17, 1),
('CSI00566', '15CSI016', 1, 30, 1),
('CSI00567', '15CSI017', 1, 39, 1),
('CSI00568', '15CSI018', 1, 18, 1),
('CSI00569', '15CSI019', 1, 50, 1),
('CSI00570', '15CSI020', 1, 59, 1),
('CSI00571', '15CSI021', 1, 74, 1),
('CSI00572', '15CSI022', 1, 91, 1),
('CSI00573', '15CSI023', 1, 85, 1),
('CSI00574', '15CSI024', 1, 57, 1),
('CSI00575', '15CSI025', 1, 80, 1),
('CSI00576', '15CSI026', 1, 41, 1),
('CSI00577', '15CSI027', 1, 53, 1),
('CSI00578', '15CSI028', 1, 62, 1),
('CSI00579', '15CSI029', 1, 18, 1),
('CSI00580', '15CSI030', 1, 59, 1),
('CSI00581', '15CSI031', 1, 73, 1),
('CSI00582', '15CSI032', 1, 96, 1),
('CSI00583', '15CSI033', 1, 21, 1),
('CSI00584', '15CSI034', 1, 65, 1),
('CSI00585', '15CSI035', 1, 40, 1),
('CSI00586', '15CSI036', 1, 2, 1),
('CSI00587', '15CSI037', 1, 70, 1),
('CSI00588', '15CSI038', 1, 63, 1),
('CSI00589', '15CSI039', 1, 4, 1),
('CSI00590', '15CSI040', 1, 23, 1),
('CSI00591', '15CSI041', 1, 21, 1),
('CSI00592', '15CSI042', 1, 76, 1),
('CSI00593', '15CSI043', 1, 27, 1),
('CSI00594', '15CSI044', 1, 71, 1),
('CSI00595', '15CSI045', 1, 40, 1),
('CSI00596', '15CSI046', 1, 16, 1),
('CSI00597', '15CSI047', 1, 58, 1),
('CSI00598', '15CSI048', 1, 31, 1),
('CSI00599', '15CSI049', 1, 26, 1),
('CSI00600', '15CSI050', 1, 23, 1),
('CSI00601', '15CSI001', 1, 5, 1),
('CSI00602', '15CSI002', 1, 78, 1),
('CSI00603', '15CSI003', 1, 9, 1),
('CSI00604', '15CSI004', 1, 100, 1),
('CSI00605', '15CSI005', 1, 71, 1),
('CSI00606', '15CSI006', 1, 60, 1),
('CSI00607', '15CSI007', 1, 90, 1),
('CSI00608', '15CSI008', 1, 48, 1),
('CSI00609', '15CSI009', 1, 21, 1),
('CSI00610', '15CSI010', 1, 30, 1),
('CSI00611', '15CSI011', 1, 54, 1),
('CSI00612', '15CSI012', 1, 33, 1),
('CSI00613', '15CSI013', 1, 83, 1),
('CSI00614', '15CSI014', 1, 3, 1),
('CSI00615', '15CSI015', 1, 66, 1),
('CSI00616', '15CSI016', 1, 96, 1),
('CSI00617', '15CSI017', 1, 77, 1),
('CSI00618', '15CSI018', 1, 38, 1),
('CSI00619', '15CSI019', 1, 97, 1),
('CSI00620', '15CSI020', 1, 1, 1),
('CSI00621', '15CSI021', 1, 25, 1),
('CSI00622', '15CSI022', 1, 3, 1),
('CSI00623', '15CSI023', 1, 86, 1),
('CSI00624', '15CSI024', 1, 15, 1),
('CSI00625', '15CSI025', 1, 43, 1),
('CSI00626', '15CSI026', 1, 85, 1),
('CSI00627', '15CSI027', 1, 72, 1),
('CSI00628', '15CSI028', 1, 30, 1),
('CSI00629', '15CSI029', 1, 48, 1),
('CSI00630', '15CSI030', 1, 41, 1),
('CSI00631', '15CSI031', 1, 41, 1),
('CSI00632', '15CSI032', 1, 86, 1),
('CSI00633', '15CSI033', 1, 74, 1),
('CSI00634', '15CSI034', 1, 45, 1),
('CSI00635', '15CSI035', 1, 19, 1),
('CSI00636', '15CSI036', 1, 21, 1),
('CSI00637', '15CSI037', 1, 81, 1),
('CSI00638', '15CSI038', 1, 42, 1),
('CSI00639', '15CSI039', 1, 47, 1),
('CSI00640', '15CSI040', 1, 49, 1),
('CSI00641', '15CSI041', 1, 93, 1),
('CSI00642', '15CSI042', 1, 34, 1),
('CSI00643', '15CSI043', 1, 11, 1),
('CSI00644', '15CSI044', 1, 67, 1),
('CSI00645', '15CSI045', 1, 85, 1),
('CSI00646', '15CSI046', 1, 2, 1),
('CSI00647', '15CSI047', 1, 22, 1),
('CSI00648', '15CSI048', 1, 35, 1),
('CSI00649', '15CSI049', 1, 60, 1),
('CSI00650', '15CSI050', 1, 66, 1),
('CSI00651', '15CSI001', 1, 45, 1),
('CSI00652', '15CSI002', 1, 85, 1),
('CSI00653', '15CSI003', 1, 84, 1),
('CSI00654', '15CSI004', 1, 51, 1),
('CSI00655', '15CSI005', 1, 43, 1),
('CSI00656', '15CSI006', 1, 11, 1),
('CSI00657', '15CSI007', 1, 4, 1),
('CSI00658', '15CSI008', 1, 9, 1),
('CSI00659', '15CSI009', 1, 3, 1),
('CSI00660', '15CSI010', 1, 15, 1),
('CSI00661', '15CSI011', 1, 63, 1),
('CSI00662', '15CSI012', 1, 53, 1),
('CSI00663', '15CSI013', 1, 35, 1),
('CSI00664', '15CSI014', 1, 66, 1),
('CSI00665', '15CSI015', 1, 60, 1),
('CSI00666', '15CSI016', 1, 54, 1),
('CSI00667', '15CSI017', 1, 70, 1),
('CSI00668', '15CSI018', 1, 5, 1),
('CSI00669', '15CSI019', 1, 48, 1),
('CSI00670', '15CSI020', 1, 48, 1),
('CSI00671', '15CSI021', 1, 13, 1),
('CSI00672', '15CSI022', 1, 82, 1),
('CSI00673', '15CSI023', 1, 87, 1),
('CSI00674', '15CSI024', 1, 98, 1),
('CSI00675', '15CSI025', 1, 64, 1),
('CSI00676', '15CSI026', 1, 80, 1),
('CSI00677', '15CSI027', 1, 1, 1),
('CSI00678', '15CSI028', 1, 67, 1),
('CSI00679', '15CSI029', 1, 25, 1),
('CSI00680', '15CSI030', 1, 55, 1),
('CSI00681', '15CSI031', 1, 49, 1),
('CSI00682', '15CSI032', 1, 2, 1),
('CSI00683', '15CSI033', 1, 76, 1),
('CSI00684', '15CSI034', 1, 69, 1),
('CSI00685', '15CSI035', 1, 2, 1),
('CSI00686', '15CSI036', 1, 13, 1),
('CSI00687', '15CSI037', 1, 52, 1),
('CSI00688', '15CSI038', 1, 92, 1),
('CSI00689', '15CSI039', 1, 58, 1),
('CSI00690', '15CSI040', 1, 8, 1),
('CSI00691', '15CSI041', 1, 69, 1),
('CSI00692', '15CSI042', 1, 25, 1),
('CSI00693', '15CSI043', 1, 8, 1),
('CSI00694', '15CSI044', 1, 23, 1),
('CSI00695', '15CSI045', 1, 66, 1),
('CSI00696', '15CSI046', 1, 28, 1),
('CSI00697', '15CSI047', 1, 12, 1),
('CSI00698', '15CSI048', 1, 14, 1),
('CSI00699', '15CSI049', 1, 39, 1),
('CSI00700', '15CSI050', 1, 88, 1),
('CSI00701', '15CSI001', 1, 23, 1),
('CSI00702', '15CSI002', 1, 48, 1),
('CSI00703', '15CSI003', 1, 42, 1),
('CSI00704', '15CSI004', 1, 55, 1),
('CSI00705', '15CSI005', 1, 13, 1),
('CSI00706', '15CSI006', 1, 23, 1),
('CSI00707', '15CSI007', 1, 26, 1),
('CSI00708', '15CSI008', 1, 18, 1),
('CSI00709', '15CSI009', 1, 18, 1),
('CSI00710', '15CSI010', 1, 4, 1),
('CSI00711', '15CSI011', 1, 35, 1),
('CSI00712', '15CSI012', 1, 88, 1),
('CSI00713', '15CSI013', 1, 26, 1),
('CSI00714', '15CSI014', 1, 49, 1),
('CSI00715', '15CSI015', 1, 86, 1),
('CSI00716', '15CSI016', 1, 5, 1),
('CSI00717', '15CSI017', 1, 62, 1),
('CSI00718', '15CSI018', 1, 20, 1),
('CSI00719', '15CSI019', 1, 71, 1),
('CSI00720', '15CSI020', 1, 82, 1),
('CSI00721', '15CSI021', 1, 5, 1),
('CSI00722', '15CSI022', 1, 86, 1),
('CSI00723', '15CSI023', 1, 46, 1),
('CSI00724', '15CSI024', 1, 95, 1),
('CSI00725', '15CSI025', 1, 76, 1),
('CSI00726', '15CSI026', 1, 90, 1),
('CSI00727', '15CSI027', 1, 68, 1),
('CSI00728', '15CSI028', 1, 94, 1),
('CSI00729', '15CSI029', 1, 57, 1),
('CSI00730', '15CSI030', 1, 51, 1),
('CSI00731', '15CSI031', 1, 7, 1),
('CSI00732', '15CSI032', 1, 3, 1),
('CSI00733', '15CSI033', 1, 38, 1),
('CSI00734', '15CSI034', 1, 52, 1),
('CSI00735', '15CSI035', 1, 62, 1),
('CSI00736', '15CSI036', 1, 91, 1),
('CSI00737', '15CSI037', 1, 59, 1),
('CSI00738', '15CSI038', 1, 38, 1),
('CSI00739', '15CSI039', 1, 71, 1),
('CSI00740', '15CSI040', 1, 8, 1),
('CSI00741', '15CSI041', 1, 7, 1),
('CSI00742', '15CSI042', 1, 42, 1),
('CSI00743', '15CSI043', 1, 91, 1),
('CSI00744', '15CSI044', 1, 63, 1),
('CSI00745', '15CSI045', 1, 51, 1),
('CSI00746', '15CSI046', 1, 100, 1),
('CSI00747', '15CSI047', 1, 92, 1),
('CSI00748', '15CSI048', 1, 62, 1),
('CSI00749', '15CSI049', 1, 53, 1),
('CSI00750', '15CSI050', 1, 56, 1),
('CSI00751', '15CSI001', 1, 21, 1),
('CSI00752', '15CSI002', 1, 70, 1),
('CSI00753', '15CSI003', 1, 89, 1),
('CSI00754', '15CSI004', 1, 68, 1),
('CSI00755', '15CSI005', 1, 94, 1),
('CSI00756', '15CSI006', 1, 18, 1),
('CSI00757', '15CSI007', 1, 61, 1),
('CSI00758', '15CSI008', 1, 23, 1),
('CSI00759', '15CSI009', 1, 15, 1),
('CSI00760', '15CSI010', 1, 43, 1),
('CSI00761', '15CSI011', 1, 45, 1),
('CSI00762', '15CSI012', 1, 20, 1),
('CSI00763', '15CSI013', 1, 89, 1),
('CSI00764', '15CSI014', 1, 77, 1),
('CSI00765', '15CSI015', 1, 46, 1),
('CSI00766', '15CSI016', 1, 16, 1),
('CSI00767', '15CSI017', 1, 24, 1),
('CSI00768', '15CSI018', 1, 21, 1),
('CSI00769', '15CSI019', 1, 25, 1),
('CSI00770', '15CSI020', 1, 10, 1),
('CSI00771', '15CSI021', 1, 22, 1),
('CSI00772', '15CSI022', 1, 3, 1),
('CSI00773', '15CSI023', 1, 26, 1),
('CSI00774', '15CSI024', 1, 43, 1),
('CSI00775', '15CSI025', 1, 82, 1),
('CSI00776', '15CSI026', 1, 23, 1),
('CSI00777', '15CSI027', 1, 77, 1),
('CSI00778', '15CSI028', 1, 2, 1),
('CSI00779', '15CSI029', 1, 12, 1),
('CSI00780', '15CSI030', 1, 6, 1),
('CSI00781', '15CSI031', 1, 95, 1),
('CSI00782', '15CSI032', 1, 89, 1),
('CSI00783', '15CSI033', 1, 49, 1),
('CSI00784', '15CSI034', 1, 88, 1),
('CSI00785', '15CSI035', 1, 43, 1),
('CSI00786', '15CSI036', 1, 42, 1),
('CSI00787', '15CSI037', 1, 88, 1),
('CSI00788', '15CSI038', 1, 49, 1),
('CSI00789', '15CSI039', 1, 95, 1),
('CSI00790', '15CSI040', 1, 30, 1),
('CSI00791', '15CSI041', 1, 12, 1),
('CSI00792', '15CSI042', 1, 98, 1),
('CSI00793', '15CSI043', 1, 16, 1),
('CSI00794', '15CSI044', 1, 49, 1),
('CSI00795', '15CSI045', 1, 3, 1),
('CSI00796', '15CSI046', 1, 73, 1),
('CSI00797', '15CSI047', 1, 83, 1),
('CSI00798', '15CSI048', 1, 63, 1),
('CSI00799', '15CSI049', 1, 39, 1),
('CSI00800', '15CSI050', 1, 29, 1),
('CSI00801', '15CSI001', 1, 17, 1),
('CSI00802', '15CSI002', 1, 43, 1),
('CSI00803', '15CSI003', 1, 2, 1),
('CSI00804', '15CSI004', 1, 37, 1),
('CSI00805', '15CSI005', 1, 53, 1),
('CSI00806', '15CSI006', 1, 69, 1),
('CSI00807', '15CSI007', 1, 10, 1),
('CSI00808', '15CSI008', 1, 91, 1),
('CSI00809', '15CSI009', 1, 22, 1),
('CSI00810', '15CSI010', 1, 81, 1),
('CSI00811', '15CSI011', 1, 91, 1),
('CSI00812', '15CSI012', 1, 77, 1),
('CSI00813', '15CSI013', 1, 5, 1),
('CSI00814', '15CSI014', 1, 42, 1),
('CSI00815', '15CSI015', 1, 77, 1),
('CSI00816', '15CSI016', 1, 79, 1),
('CSI00817', '15CSI017', 1, 52, 1),
('CSI00818', '15CSI018', 1, 53, 1),
('CSI00819', '15CSI019', 1, 44, 1),
('CSI00820', '15CSI020', 1, 68, 1),
('CSI00821', '15CSI021', 1, 92, 1),
('CSI00822', '15CSI022', 1, 4, 1),
('CSI00823', '15CSI023', 1, 59, 1),
('CSI00824', '15CSI024', 1, 33, 1),
('CSI00825', '15CSI025', 1, 17, 1),
('CSI00826', '15CSI026', 1, 6, 1),
('CSI00827', '15CSI027', 1, 58, 1),
('CSI00828', '15CSI028', 1, 31, 1),
('CSI00829', '15CSI029', 1, 87, 1),
('CSI00830', '15CSI030', 1, 62, 1),
('CSI00831', '15CSI031', 1, 62, 1),
('CSI00832', '15CSI032', 1, 52, 1),
('CSI00833', '15CSI033', 1, 94, 1),
('CSI00834', '15CSI034', 1, 58, 1),
('CSI00835', '15CSI035', 1, 81, 1),
('CSI00836', '15CSI036', 1, 6, 1),
('CSI00837', '15CSI037', 1, 87, 1),
('CSI00838', '15CSI038', 1, 58, 1),
('CSI00839', '15CSI039', 1, 82, 1),
('CSI00840', '15CSI040', 1, 7, 1),
('CSI00841', '15CSI041', 1, 8, 1),
('CSI00842', '15CSI042', 1, 66, 1),
('CSI00843', '15CSI043', 1, 65, 1),
('CSI00844', '15CSI044', 1, 33, 1),
('CSI00845', '15CSI045', 1, 27, 1),
('CSI00846', '15CSI046', 1, 82, 1),
('CSI00847', '15CSI047', 1, 73, 1),
('CSI00848', '15CSI048', 1, 39, 1),
('CSI00849', '15CSI049', 1, 12, 1),
('CSI00850', '15CSI050', 1, 94, 1),
('CSI00851', '15CSI001', 1, 70, 1),
('CSI00852', '15CSI002', 1, 40, 1),
('CSI00853', '15CSI003', 1, 38, 1),
('CSI00854', '15CSI004', 1, 9, 1),
('CSI00855', '15CSI005', 1, 57, 1),
('CSI00856', '15CSI006', 1, 18, 1),
('CSI00857', '15CSI007', 1, 90, 1),
('CSI00858', '15CSI008', 1, 45, 1),
('CSI00859', '15CSI009', 1, 3, 1),
('CSI00860', '15CSI010', 1, 54, 1),
('CSI00861', '15CSI011', 1, 73, 1),
('CSI00862', '15CSI012', 1, 9, 1),
('CSI00863', '15CSI013', 1, 14, 1),
('CSI00864', '15CSI014', 1, 88, 1),
('CSI00865', '15CSI015', 1, 67, 1),
('CSI00866', '15CSI016', 1, 96, 1),
('CSI00867', '15CSI017', 1, 60, 1),
('CSI00868', '15CSI018', 1, 6, 1),
('CSI00869', '15CSI019', 1, 28, 1),
('CSI00870', '15CSI020', 1, 63, 1),
('CSI00871', '15CSI021', 1, 8, 1),
('CSI00872', '15CSI022', 1, 80, 1),
('CSI00873', '15CSI023', 1, 62, 1),
('CSI00874', '15CSI024', 1, 100, 1),
('CSI00875', '15CSI025', 1, 18, 1),
('CSI00876', '15CSI026', 1, 60, 1),
('CSI00877', '15CSI027', 1, 93, 1),
('CSI00878', '15CSI028', 1, 24, 1),
('CSI00879', '15CSI029', 1, 38, 1),
('CSI00880', '15CSI030', 1, 30, 1),
('CSI00881', '15CSI031', 1, 79, 1),
('CSI00882', '15CSI032', 1, 50, 1),
('CSI00883', '15CSI033', 1, 8, 1),
('CSI00884', '15CSI034', 1, 29, 1),
('CSI00885', '15CSI035', 1, 37, 1),
('CSI00886', '15CSI036', 1, 61, 1),
('CSI00887', '15CSI037', 1, 13, 1),
('CSI00888', '15CSI038', 1, 1, 1),
('CSI00889', '15CSI039', 1, 80, 1),
('CSI00890', '15CSI040', 1, 21, 1),
('CSI00891', '15CSI041', 1, 4, 1),
('CSI00892', '15CSI042', 1, 100, 1),
('CSI00893', '15CSI043', 1, 16, 1),
('CSI00894', '15CSI044', 1, 81, 1),
('CSI00895', '15CSI045', 1, 48, 1),
('CSI00896', '15CSI046', 1, 57, 1),
('CSI00897', '15CSI047', 1, 90, 1),
('CSI00898', '15CSI048', 1, 10, 1),
('CSI00899', '15CSI049', 1, 95, 1),
('CSI00900', '15CSI050', 1, 12, 1),
('CSI00901', '15CSI001', 1, 32, 1),
('CSI00902', '15CSI002', 1, 83, 1),
('CSI00903', '15CSI003', 1, 78, 1),
('CSI00904', '15CSI004', 1, 54, 1),
('CSI00905', '15CSI005', 1, 95, 1),
('CSI00906', '15CSI006', 1, 94, 1),
('CSI00907', '15CSI007', 1, 85, 1),
('CSI00908', '15CSI008', 1, 67, 1),
('CSI00909', '15CSI009', 1, 17, 1),
('CSI00910', '15CSI010', 1, 88, 1),
('CSI00911', '15CSI011', 1, 54, 1),
('CSI00912', '15CSI012', 1, 83, 1),
('CSI00913', '15CSI013', 1, 11, 1),
('CSI00914', '15CSI014', 1, 34, 1),
('CSI00915', '15CSI015', 1, 50, 1),
('CSI00916', '15CSI016', 1, 86, 1),
('CSI00917', '15CSI017', 1, 8, 1),
('CSI00918', '15CSI018', 1, 33, 1),
('CSI00919', '15CSI019', 1, 36, 1),
('CSI00920', '15CSI020', 1, 40, 1),
('CSI00921', '15CSI021', 1, 55, 1),
('CSI00922', '15CSI022', 1, 72, 1),
('CSI00923', '15CSI023', 1, 18, 1),
('CSI00924', '15CSI024', 1, 88, 1),
('CSI00925', '15CSI025', 1, 70, 1),
('CSI00926', '15CSI026', 1, 17, 1),
('CSI00927', '15CSI027', 1, 70, 1),
('CSI00928', '15CSI028', 1, 45, 1),
('CSI00929', '15CSI029', 1, 31, 1),
('CSI00930', '15CSI030', 1, 87, 1),
('CSI00931', '15CSI031', 1, 26, 1),
('CSI00932', '15CSI032', 1, 68, 1),
('CSI00933', '15CSI033', 1, 29, 1),
('CSI00934', '15CSI034', 1, 76, 1),
('CSI00935', '15CSI035', 1, 63, 1),
('CSI00936', '15CSI036', 1, 37, 1),
('CSI00937', '15CSI037', 1, 83, 1),
('CSI00938', '15CSI038', 1, 79, 1),
('CSI00939', '15CSI039', 1, 33, 1),
('CSI00940', '15CSI040', 1, 50, 1),
('CSI00941', '15CSI041', 1, 28, 1),
('CSI00942', '15CSI042', 1, 23, 1),
('CSI00943', '15CSI043', 1, 82, 1),
('CSI00944', '15CSI044', 1, 18, 1),
('CSI00945', '15CSI045', 1, 39, 1),
('CSI00946', '15CSI046', 1, 61, 1),
('CSI00947', '15CSI047', 1, 93, 1),
('CSI00948', '15CSI048', 1, 42, 1),
('CSI00949', '15CSI049', 1, 79, 1),
('CSI00950', '15CSI050', 1, 52, 1),
('CSI00951', '15CSI001', 1, 32, 1),
('CSI00952', '15CSI002', 1, 96, 1),
('CSI00953', '15CSI003', 1, 22, 1),
('CSI00954', '15CSI004', 1, 29, 1),
('CSI00955', '15CSI005', 1, 72, 1),
('CSI00956', '15CSI006', 1, 46, 1),
('CSI00957', '15CSI007', 1, 52, 1),
('CSI00958', '15CSI008', 1, 34, 1),
('CSI00959', '15CSI009', 1, 56, 1),
('CSI00960', '15CSI010', 1, 60, 1),
('CSI00961', '15CSI011', 1, 51, 1),
('CSI00962', '15CSI012', 1, 56, 1),
('CSI00963', '15CSI013', 1, 54, 1),
('CSI00964', '15CSI014', 1, 42, 1),
('CSI00965', '15CSI015', 1, 8, 1),
('CSI00966', '15CSI016', 1, 19, 1),
('CSI00967', '15CSI017', 1, 90, 1),
('CSI00968', '15CSI018', 1, 59, 1),
('CSI00969', '15CSI019', 1, 60, 1),
('CSI00970', '15CSI020', 1, 11, 1),
('CSI00971', '15CSI021', 1, 15, 1),
('CSI00972', '15CSI022', 1, 6, 1),
('CSI00973', '15CSI023', 1, 37, 1),
('CSI00974', '15CSI024', 1, 80, 1),
('CSI00975', '15CSI025', 1, 92, 1),
('CSI00976', '15CSI026', 1, 68, 1),
('CSI00977', '15CSI027', 1, 22, 1),
('CSI00978', '15CSI028', 1, 92, 1),
('CSI00979', '15CSI029', 1, 68, 1),
('CSI00980', '15CSI030', 1, 17, 1),
('CSI00981', '15CSI031', 1, 39, 1),
('CSI00982', '15CSI032', 1, 39, 1),
('CSI00983', '15CSI033', 1, 39, 1),
('CSI00984', '15CSI034', 1, 98, 1),
('CSI00985', '15CSI035', 1, 64, 1),
('CSI00986', '15CSI036', 1, 2, 1),
('CSI00987', '15CSI037', 1, 85, 1),
('CSI00988', '15CSI038', 1, 75, 1),
('CSI00989', '15CSI039', 1, 36, 1),
('CSI00990', '15CSI040', 1, 59, 1),
('CSI00991', '15CSI041', 1, 42, 1),
('CSI00992', '15CSI042', 1, 40, 1),
('CSI00993', '15CSI043', 1, 62, 1),
('CSI00994', '15CSI044', 1, 58, 1),
('CSI00995', '15CSI045', 1, 24, 1),
('CSI00996', '15CSI046', 1, 96, 1),
('CSI00997', '15CSI047', 1, 56, 1),
('CSI00998', '15CSI048', 1, 94, 1),
('CSI00999', '15CSI049', 1, 9, 1),
('CSI00006', '15CSI002', 1, 0, 1);

--
-- Triggers `matkul_kurikulum`
--
DROP TRIGGER IF EXISTS `ADD_SKS`;
DELIMITER $$
CREATE TRIGGER `ADD_SKS` BEFORE INSERT ON `matkul_kurikulum` FOR EACH ROW BEGIN
	DECLARE jumlahsks INT;
    
	    SELECT jumlah_sks INTO jumlahsks FROM mata_kuliah WHERE kode=NEW.kode_matkul;
    
	IF (NEW.isWajib = 0) THEN
    	UPDATE kurikulum 
        SET sks_pilihan = sks_pilihan + jumlahsks 
        WHERE kode=NEW.kode_kurikulum;
    ELSEIF (NEW.isWajib = 1) THEN
    	UPDATE kurikulum 
        SET sks_wajib = sks_wajib + jumlahsks
        WHERE kode=NEW.kode_kurikulum;
	END IF;
END
$$
DELIMITER ;
DROP TRIGGER IF EXISTS `DELETE_SKS`;
DELIMITER $$
CREATE TRIGGER `DELETE_SKS` BEFORE DELETE ON `matkul_kurikulum` FOR EACH ROW BEGIN 
	DECLARE jumlahsks INT; 
    SELECT mata_kuliah.jumlah_sks INTO jumlahsks from mata_kuliah where kode=OLD.kode_matkul; 
    
    IF (OLD.isWajib = 0) THEN 
    	UPDATE kurikulum 
        SET sks_pilihan = sks_pilihan - jumlahsks 
        WHERE kode=OLD.kode_kurikulum;
     ELSEIF (OLD.isWajib = 1) THEN 
     	UPDATE kurikulum 
        SET sks_wajib = sks_wajib - jumlahsks 
        WHERE kode=OLD.kode_kurikulum; 
       END IF; 
     END
$$
DELIMITER ;

-- --------------------------------------------------------

--
-- Table structure for table `prasyarat`
--

DROP TABLE IF EXISTS `prasyarat`;
CREATE TABLE `prasyarat` (
  `kode_matkul` varchar(8) NOT NULL,
  `kode_matkul_prasyarat` varchar(8) NOT NULL,
  `kode_kurikulum` varchar(8) NOT NULL
) ENGINE=InnoDB DEFAULT CHARSET=latin1;

--
-- RELATIONS FOR TABLE `prasyarat`:
--   `kode_matkul`
--       `mata_kuliah` -> `kode`
--   `kode_matkul_prasyarat`
--       `mata_kuliah` -> `kode`
--   `kode_kurikulum`
--       `kurikulum` -> `kode`
--

-- --------------------------------------------------------

--
-- Table structure for table `user`
--

DROP TABLE IF EXISTS `user`;
CREATE TABLE `user` (
  `username` varchar(20) NOT NULL,
  `nama` varchar(35) DEFAULT NULL,
  `email` varchar(100) NOT NULL DEFAULT 'nona@manis.siapa',
  `password` varchar(20) NOT NULL DEFAULT 'password',
  `id_universitas` int(11) NOT NULL,
  `id_fakultas` int(11) NOT NULL,
  `id_prodi` int(11) NOT NULL,
  `enabled` smallint(1) NOT NULL DEFAULT '1'
) ENGINE=InnoDB DEFAULT CHARSET=latin1;

--
-- RELATIONS FOR TABLE `user`:
--

--
-- Dumping data for table `user`
--

INSERT INTO `user` VALUES
('user111', NULL, 'nona@manis.siapa', 'password', 1, 1, 1, 1),
('user112', NULL, 'nona@manis.siapa', 'password', 2, 1, 1, 2),
('user113', NULL, 'nona@manis.siapa', 'password', 3, 1, 1, 3),
('user121', NULL, 'nona@manis.siapa', 'password', 1, 1, 2, 1),
('user122', NULL, 'nona@manis.siapa', 'password', 2, 1, 2, 2),
('user123', NULL, 'nona@manis.siapa', 'password', 3, 1, 2, 3),
('user131', NULL, 'nona@manis.siapa', 'password', 1, 1, 3, 1),
('user132', NULL, 'nona@manis.siapa', 'password', 2, 1, 3, 2),
('user133', NULL, 'nona@manis.siapa', 'password', 3, 1, 3, 3),
('user211', NULL, 'nona@manis.siapa', 'password', 1, 2, 1, 1),
('user212', NULL, 'nona@manis.siapa', 'password', 2, 2, 1, 2),
('user213', NULL, 'nona@manis.siapa', 'password', 2, 2, 1, 3),
('user221', NULL, 'nona@manis.siapa', 'password', 1, 2, 2, 1),
('user222', NULL, 'nona@manis.siapa', 'password', 2, 2, 2, 2),
('user223', NULL, 'nona@manis.siapa', 'password', 3, 2, 2, 3),
('user231', NULL, 'nona@manis.siapa', 'password', 1, 2, 3, 1),
('user232', NULL, 'nona@manis.siapa', 'password', 2, 2, 3, 2),
('user233', NULL, 'nona@manis.siapa', 'password', 3, 2, 3, 3),
('user311', NULL, 'nona@manis.siapa', 'password', 1, 3, 1, 1),
('user312', NULL, 'nona@manis.siapa', 'password', 2, 3, 1, 2),
('user313', NULL, 'nona@manis.siapa', 'password', 3, 3, 1, 3),
('user321', NULL, 'nona@manis.siapa', 'password', 1, 3, 2, 1),
('user322', NULL, 'nona@manis.siapa', 'password', 2, 3, 2, 2),
('user323', NULL, 'nona@manis.siapa', 'password', 3, 3, 2, 3),
('user331', NULL, 'nona@manis.siapa', 'password', 1, 3, 3, 1),
('user332', NULL, 'nona@manis.siapa', 'password', 2, 3, 3, 2),
('user333', NULL, 'nona@manis.siapa', 'password', 3, 3, 3, 3);

-- --------------------------------------------------------

--
-- Table structure for table `user_roles`
--

DROP TABLE IF EXISTS `user_roles`;
CREATE TABLE `user_roles` (
  `user_role_id` int(11) NOT NULL,
  `username` varchar(200) NOT NULL,
  `role` varchar(11) DEFAULT 'ROLE_ADMIN'
) ENGINE=InnoDB DEFAULT CHARSET=latin1;

--
-- RELATIONS FOR TABLE `user_roles`:
--   `username`
--       `user` -> `username`
--

--
-- Dumping data for table `user_roles`
--

INSERT INTO `user_roles` VALUES
(1, 'user111', 'ROLE_ADMIN'),
(2, 'user112', 'ROLE_ADMIN'),
(3, 'user113', 'ROLE_ADMIN'),
(4, 'user121', 'ROLE_ADMIN'),
(5, 'user122', 'ROLE_ADMIN'),
(6, 'user123', 'ROLE_ADMIN'),
(7, 'user131', 'ROLE_ADMIN'),
(8, 'user132', 'ROLE_ADMIN'),
(9, 'user133', 'ROLE_ADMIN'),
(10, 'user211', 'ROLE_ADMIN'),
(11, 'user212', 'ROLE_ADMIN'),
(12, 'user213', 'ROLE_ADMIN'),
(13, 'user221', 'ROLE_ADMIN'),
(14, 'user222', 'ROLE_ADMIN'),
(15, 'user223', 'ROLE_ADMIN'),
(16, 'user231', 'ROLE_ADMIN'),
(17, 'user232', 'ROLE_ADMIN'),
(18, 'user233', 'ROLE_ADMIN'),
(19, 'user311', 'ROLE_ADMIN'),
(20, 'user312', 'ROLE_ADMIN'),
(21, 'user313', 'ROLE_ADMIN'),
(22, 'user321', 'ROLE_ADMIN'),
(23, 'user322', 'ROLE_ADMIN'),
(24, 'user323', 'ROLE_ADMIN'),
(25, 'user331', 'ROLE_ADMIN'),
(26, 'user332', 'ROLE_ADMIN'),
(27, 'user333', 'ROLE_ADMIN');

--
-- Indexes for dumped tables
--

--
-- Indexes for table `kurikulum`
--
ALTER TABLE `kurikulum`
  ADD PRIMARY KEY (`kode`);

--
-- Indexes for table `kurikulum_instansi`
--
ALTER TABLE `kurikulum_instansi`
  ADD KEY `kode_kurikulum` (`kode_kurikulum`);

--
-- Indexes for table `mata_kuliah`
--
ALTER TABLE `mata_kuliah`
  ADD PRIMARY KEY (`kode`);

--
-- Indexes for table `matkul_kurikulum`
--
ALTER TABLE `matkul_kurikulum`
  ADD KEY `kode_matkul` (`kode_matkul`),
  ADD KEY `kode_kurikulum` (`kode_kurikulum`);

--
-- Indexes for table `prasyarat`
--
ALTER TABLE `prasyarat`
  ADD KEY `fk_matkul` (`kode_matkul`),
  ADD KEY `fk_matkulprasyarat` (`kode_matkul_prasyarat`),
  ADD KEY `kode_kurikulum` (`kode_kurikulum`);

--
-- Indexes for table `user`
--
ALTER TABLE `user`
  ADD PRIMARY KEY (`username`);

--
-- Indexes for table `user_roles`
--
ALTER TABLE `user_roles`
  ADD PRIMARY KEY (`user_role_id`),
  ADD UNIQUE KEY `username` (`username`);

--
-- AUTO_INCREMENT for dumped tables
--

--
-- AUTO_INCREMENT for table `user_roles`
--
ALTER TABLE `user_roles`
  MODIFY `user_role_id` int(11) NOT NULL AUTO_INCREMENT, AUTO_INCREMENT=28;
--
-- Constraints for dumped tables
--

--
-- Constraints for table `kurikulum_instansi`
--
/*ALTER TABLE `kurikulum_instansi`
  ADD CONSTRAINT `kurikulum_instansi_ibfk_1` FOREIGN KEY (`kode_kurikulum`) REFERENCES `kurikulum` (`kode`) ON DELETE CASCADE ON UPDATE CASCADE;*/

--
-- Constraints for table `matkul_kurikulum`
--
ALTER TABLE `matkul_kurikulum`
  ADD CONSTRAINT `matkul_kurikulum_ibfk_1` FOREIGN KEY (`kode_matkul`) REFERENCES `mata_kuliah` (`kode`) ON DELETE CASCADE ON UPDATE CASCADE,
  ADD CONSTRAINT `matkul_kurikulum_ibfk_2` FOREIGN KEY (`kode_kurikulum`) REFERENCES `kurikulum` (`kode`) ON DELETE CASCADE ON UPDATE CASCADE,
  ADD CONSTRAINT `matkul_kurikulum_ibfk_3` FOREIGN KEY (`kode_kurikulum`) REFERENCES `kurikulum` (`kode`) ON DELETE CASCADE ON UPDATE CASCADE;

--
-- Constraints for table `prasyarat`
--
ALTER TABLE `prasyarat`
  ADD CONSTRAINT `fk_matkul` FOREIGN KEY (`kode_matkul`) REFERENCES `mata_kuliah` (`kode`) ON DELETE CASCADE ON UPDATE CASCADE,
  ADD CONSTRAINT `fk_matkulprasyarat` FOREIGN KEY (`kode_matkul_prasyarat`) REFERENCES `mata_kuliah` (`kode`) ON DELETE CASCADE ON UPDATE CASCADE,
  ADD CONSTRAINT `prasyarat_ibfk_1` FOREIGN KEY (`kode_kurikulum`) REFERENCES `kurikulum` (`kode`) ON DELETE CASCADE ON UPDATE CASCADE;

--
-- Constraints for table `user_roles`
--
ALTER TABLE `user_roles`
  ADD CONSTRAINT `user_roles_ibfk_1` FOREIGN KEY (`username`) REFERENCES `user` (`username`) ON DELETE CASCADE ON UPDATE CASCADE;

/*!40101 SET CHARACTER_SET_CLIENT=@OLD_CHARACTER_SET_CLIENT */;
/*!40101 SET CHARACTER_SET_RESULTS=@OLD_CHARACTER_SET_RESULTS */;
/*!40101 SET COLLATION_CONNECTION=@OLD_COLLATION_CONNECTION */;
